Date,Bid,Ask,Mid
2015-04-02,6001.0,6001.5,6001.25
2015-04-01,6019.0,6019.5,6019.25
2015-03-31,6050.0,6050.5,6050.25
2015-03-30,6109.5,6110.0,6109.75
2015-03-27,6145.0,6146.0,6145.5
2015-03-26,6229.0,6230.0,6229.5
2015-03-25,6134.0,6134.5,6134.25
2015-03-24,6126.0,6128.0,6127.0
2015-03-23,6093.0,6093.5,6093.25
2015-03-20,5919.0,5920.0,5919.5
2015-03-19,5834.5,5835.0,5834.75
2015-03-18,5692.0,5692.5,5692.25
2015-03-17,5764.5,5765.0,5764.75
2015-03-16,5852.5,5853.0,5852.75
2015-03-13,5858.0,5860.0,5859.0
2015-03-12,5865.0,5865.5,5865.25
2015-03-11,5785.5,5786.0,5785.75
2015-03-10,5783.0,5783.5,5783.25
2015-03-09,5799.5,5800.0,5799.75
2015-03-06,5826.0,5826.5,5826.25
2015-03-05,5855.5,5856.0,5855.75
2015-03-04,5881.0,5882.0,5881.5
2015-03-03,5854.0,5855.0,5854.5
2015-03-02,5895.0,5896.0,5895.5
2015-02-27,5880.0,5880.5,5880.25
2015-02-26,5935.0,5935.5,5935.25
2015-02-25,5804.5,5805.0,5804.75
2015-02-24,5710.0,5715.0,5712.5
2015-02-23,5656.5,5657.0,5656.75
2015-02-20,5706.0,5707.0,5706.5
2015-02-19,5719.0,5720.0,5719.5
2015-02-18,5689.0,5690.0,5689.5
2015-02-17,5665.0,5665.5,5665.25
2015-02-16,5711.0,5712.0,5711.5
2015-02-13,5730.0,5731.0,5730.5
2015-02-12,5694.5,5695.0,5694.75
2015-02-11,5645.0,5645.5,5645.25
2015-02-10,5590.0,5591.0,5590.5
2015-02-09,5665.0,5666.0,5665.5
2015-02-06,5691.0,5692.0,5691.5
2015-02-05,5594.5,5595.0,5594.75
2015-02-04,5707.0,5708.0,5707.5
2015-02-03,5690.0,5695.0,5692.5
2015-02-02,5535.0,5535.5,5535.25
2015-01-30,5500.0,5505.0,5502.5
2015-01-29,5390.0,5390.5,5390.25
2015-01-28,5485.0,5485.5,5485.25
2015-01-27,5555.0,5557.0,5556.0
2015-01-26,5489.0,5490.0,5489.5
2015-01-23,5580.5,5581.0,5580.75
2015-01-22,5741.0,5742.0,5741.5
2015-01-21,5630.0,5630.5,5630.25
2015-01-20,5760.0,5760.5,5760.25
2015-01-19,5670.0,5671.0,5670.5
2015-01-16,5655.0,5660.0,5657.5
2015-01-15,5718.0,5719.0,5718.5
2015-01-14,5625.0,5627.0,5626.0
2015-01-13,5914.0,5915.0,5914.5
2015-01-12,6130.0,6131.0,6130.5
2015-01-09,6150.5,6151.0,6150.75
2015-01-08,6230.0,6230.5,6230.25
2015-01-07,6168.0,6170.0,6169.0
2015-01-06,6190.0,6191.0,6190.5
2015-01-05,6215.0,6216.0,6215.5
2015-01-02,6305.0,6309.0,6307.0
2014-12-31,6358.0,6359.0,6358.5
2014-12-30,6325.0,6330.0,6327.5
2014-12-29,6330.0,6332.0,6331.0
2014-12-24,6360.0,6361.0,6360.5
2014-12-23,6362.0,6363.0,6362.5
2014-12-22,6426.0,6426.5,6426.25
2014-12-19,6445.0,6445.5,6445.25
2014-12-18,6349.5,6350.5,6350.0
2014-12-17,6305.0,6306.0,6305.5
2014-12-16,6385.0,6390.0,6387.5
2014-12-15,6555.0,6560.0,6557.5
2014-12-12,6525.5,6526.5,6526.0
2014-12-11,6471.0,6471.5,6471.25
2014-12-10,6475.5,6476.0,6475.75
2014-12-09,6400.0,6401.0,6400.5
2014-12-08,6465.0,6465.5,6465.25
2014-12-05,6535.0,6536.0,6535.5
2014-12-04,6490.0,6491.0,6490.5
2014-12-03,6450.5,6451.0,6450.75
2014-12-02,6454.5,6455.0,6454.75
2014-12-01,6384.0,6385.0,6384.5
2014-11-28,6515.0,6515.5,6515.25
2014-11-27,6621.0,6621.5,6621.25
2014-11-26,6648.0,6649.0,6648.5
2014-11-25,6695.0,6696.0,6695.5
2014-11-24,6730.5,6731.0,6730.75
2014-11-21,6789.5,6790.0,6789.75
2014-11-20,6686.0,6688.0,6687.0
2014-11-19,6714.0,6715.0,6714.5
2014-11-18,6683.5,6684.0,6683.75
2014-11-17,6751.0,6752.0,6751.5
2014-11-14,6690.0,6695.0,6692.5
2014-11-13,6755.0,6755.5,6755.25
2014-11-12,6752.0,6752.5,6752.25
2014-11-11,6687.5,6688.0,6687.75
2014-11-10,6735.0,6735.5,6735.25
2014-11-07,6720.0,6720.5,6720.25
2014-11-06,6680.5,6681.0,6680.75
2014-11-05,6645.5,6646.0,6645.75
2014-11-04,6705.0,6705.5,6705.25
2014-11-03,6800.0,6801.0,6800.5
2014-10-31,6834.5,6835.5,6835.0
2014-10-30,6784.5,6785.0,6784.75
2014-10-29,6854.0,6855.0,6854.5
2014-10-28,6859.0,6859.5,6859.25
2014-10-27,6800.0,6800.5,6800.25
2014-10-24,6759.0,6759.5,6759.25
2014-10-23,6717.5,6718.5,6718.0
2014-10-22,6730.0,6730.5,6730.25
2014-10-21,6658.0,6660.0,6659.0
2014-10-20,6614.5,6615.0,6614.75
2014-10-17,6628.5,6629.0,6628.75
2014-10-16,6629.0,6630.0,6629.5
2014-10-15,6780.5,6781.0,6780.75
2014-10-14,6780.0,6780.5,6780.25
2014-10-13,6800.0,6802.0,6801.0
2014-10-10,6696.0,6697.0,6696.5
2014-10-09,6766.5,6767.0,6766.75
2014-10-08,6754.5,6755.0,6754.75
2014-10-07,6714.5,6715.0,6714.75
2014-10-06,6712.0,6712.5,6712.25
2014-10-03,6660.0,6665.0,6662.5
2014-10-02,6693.0,6693.5,6693.25
2014-10-01,6754.5,6755.0,6754.75
2014-09-30,6735.0,6736.0,6735.5
2014-09-29,6735.0,6735.5,6735.25
2014-09-26,6770.0,6771.0,6770.5
2014-09-25,6765.0,6766.0,6765.5
2014-09-24,6749.5,6750.0,6749.75
2014-09-23,6796.5,6797.0,6796.75
2014-09-22,6781.0,6782.0,6781.5
2014-09-19,6867.5,6868.5,6868.0
2014-09-18,6918.0,6920.0,6919.0
2014-09-17,6958.0,6958.5,6958.25
2014-09-16,6895.0,6895.5,6895.25
2014-09-15,6849.0,6850.0,6849.5
2014-09-12,6855.5,6856.0,6855.75
2014-09-11,6828.5,6829.0,6828.75
2014-09-10,6897.0,6897.5,6897.25
2014-09-09,6936.5,6937.0,6936.75
2014-09-08,7040.0,7040.5,7040.25
2014-09-05,6972.0,6973.0,6972.5
2014-09-04,6966.5,6967.0,6966.75
2014-09-03,6925.0,6927.0,6926.0
2014-09-02,6965.0,6965.5,6965.25
2014-09-01,6966.0,6966.5,6966.25
2014-08-29,6994.0,6995.0,6994.5
2014-08-28,7032.0,7033.0,7032.5
2014-08-27,7050.0,7051.0,7050.5
2014-08-26,7095.0,7096.0,7095.5
2014-08-22,7087.5,7088.0,7087.75
2014-08-21,7002.5,7003.0,7002.75
2014-08-20,6921.0,6922.0,6921.5
2014-08-19,6934.0,6934.5,6934.25
2014-08-18,6909.5,6910.0,6909.75
2014-08-15,6852.0,6852.5,6852.25
2014-08-14,6886.0,6886.5,6886.25
2014-08-13,6925.0,6925.5,6925.25
2014-08-12,7025.0,7025.5,7025.25
2014-08-11,7010.0,7010.5,7010.25
2014-08-08,7019.0,7020.0,7019.5
2014-08-07,6980.0,6980.5,6980.25
2014-08-06,6994.0,6995.0,6994.5
2014-08-05,7100.0,7100.5,7100.25
2014-08-04,7102.0,7104.0,7103.0
2014-08-01,7077.5,7078.0,7077.75
2014-07-31,7135.0,7135.5,7135.25
2014-07-30,7089.0,7090.0,7089.5
2014-07-29,7115.5,7116.0,7115.75
2014-07-28,7130.0,7132.0,7131.0
2014-07-25,7183.0,7183.5,7183.25
2014-07-24,7150.0,7151.0,7150.5
2014-07-23,7060.0,7065.0,7062.5
2014-07-22,7060.0,7060.5,7060.25
2014-07-21,6989.0,6989.5,6989.25
2014-07-18,7026.0,7026.5,7026.25
2014-07-17,7030.0,7030.5,7030.25
2014-07-16,7111.0,7112.0,7111.5
2014-07-15,7102.0,7102.5,7102.25
2014-07-14,7154.0,7154.5,7154.25
2014-07-11,7150.0,7151.0,7150.5
2014-07-10,7109.0,7110.0,7109.5
2014-07-09,7172.5,7173.0,7172.75
2014-07-08,7154.5,7155.0,7154.75
2014-07-07,7120.0,7120.5,7120.25
2014-07-04,7158.0,7159.0,7158.5
2014-07-03,7120.5,7121.0,7120.75
2014-07-02,7048.0,7050.0,7049.0
2014-07-01,7014.5,7015.0,7014.75
2014-06-30,6954.0,6955.0,6954.5
2014-06-27,6975.0,6976.0,6975.5
2014-06-26,6936.0,6936.5,6936.25
2014-06-25,6890.0,6890.5,6890.25
2014-06-24,6898.0,6898.5,6898.25
2014-06-23,6900.0,6901.0,6900.5
2014-06-20,6777.0,6777.5,6777.25
2014-06-19,6730.0,6730.5,6730.25
2014-06-18,6738.5,6739.0,6738.75
2014-06-17,6710.5,6711.0,6710.75
2014-06-16,6734.5,6735.0,6734.75
2014-06-13,6671.0,6671.5,6671.25
2014-06-12,6724.5,6725.0,6724.75
2014-06-11,6689.0,6689.5,6689.25
2014-06-10,6695.0,6695.5,6695.25
2014-06-09,6667.0,6667.5,6667.25
2014-06-06,6660.0,6660.5,6660.25
2014-06-05,6799.5,6800.0,6799.75
2014-06-04,6834.5,6835.0,6834.75
2014-06-03,6929.0,6930.0,6929.5
2014-06-02,7002.5,7003.0,7002.75
2014-05-30,6995.0,6995.5,6995.25
2014-05-29,6968.0,6970.0,6969.0
2014-05-28,7030.0,7035.0,7032.5
2014-05-27,7015.0,7020.0,7017.5
2014-05-23,6990.0,6991.0,6990.5
2014-05-22,6945.0,6945.5,6945.25
2014-05-21,6840.5,6841.0,6840.75
2014-05-20,6922.0,6922.5,6922.25
2014-05-19,7008.0,7009.0,7008.5
2014-05-15,6948.5,6949.0,6948.75
2014-05-14,6976.0,6976.5,6976.25
2014-05-13,6884.0,6884.5,6884.25
2014-05-12,6926.0,6930.0,6928.0
2014-05-09,6768.0,6770.0,6769.0
2014-05-08,6690.0,6690.5,6690.25
2014-05-07,6687.5,6688.0,6687.75
2014-05-06,6739.0,6740.0,6739.5
2014-05-02,6698.0,6699.0,6698.5
2014-05-01,6670.0,6670.5,6670.25
2014-04-30,6723.0,6724.0,6723.5
2014-04-29,6768.0,6770.0,6769.0
2014-04-28,6781.5,6782.0,6781.75
2014-04-25,6785.0,6785.5,6785.25
2014-04-24,6730.0,6731.0,6730.5
2014-04-23,6640.0,6645.0,6642.5
2014-04-22,6628.0,6628.5,6628.25
2014-04-17,6630.5,6631.0,6630.75
2014-04-16,6599.0,6600.0,6599.5
2014-04-15,6625.0,6630.0,6627.5
2014-04-14,6644.5,6645.0,6644.75
2014-04-11,6685.0,6686.0,6685.5
2014-04-10,6637.0,6637.5,6637.25
2014-04-09,6630.0,6630.5,6630.25
2014-04-08,6651.0,6652.0,6651.5
2014-04-07,6610.0,6610.5,6610.25
2014-04-04,6676.5,6677.0,6676.75
2014-04-03,6605.5,6606.0,6605.75
2014-04-02,6712.0,6713.0,6712.5
2014-04-01,6631.5,6632.0,6631.75
2014-03-31,6635.5,6636.0,6635.75
2014-03-28,6666.0,6667.0,6666.5
2014-03-26,6554.5,6555.0,6554.75
2014-03-25,6559.0,6559.5,6559.25
2014-03-24,6509.5,6510.0,6509.75
2014-03-21,6539.0,6539.5,6539.25
2014-03-20,6434.0,6434.5,6434.25
2014-03-19,6445.5,6446.0,6445.75
2014-03-18,6471.0,6471.5,6471.25
2014-03-17,6549.5,6550.0,6549.75
2014-03-14,6489.5,6490.0,6489.75
2014-03-13,6494.5,6495.0,6494.75
2014-03-12,6497.0,6498.0,6497.5
2014-03-11,6720.0,6720.5,6720.25
2014-03-10,6715.5,6716.0,6715.75
2014-03-07,6930.0,6930.5,6930.25
2014-03-06,7054.0,7054.5,7054.25
2014-03-05,7102.0,7102.5,7102.25
2014-03-04,7034.5,7035.0,7034.75
2014-03-03,7032.0,7032.5,7032.25
2014-02-28,7097.0,7097.5,7097.25
2014-02-27,7094.5,7095.0,7094.75
2014-02-26,7148.5,7149.0,7148.75
2014-02-25,7114.0,7115.0,7114.5
2014-02-24,7129.5,7130.0,7129.75
2014-02-20,7184.5,7185.0,7184.75
2014-02-19,7215.0,7220.0,7217.5
2014-02-18,7204.5,7205.0,7204.75
2014-02-17,7205.0,7210.0,7207.5
2014-02-14,7174.5,7175.5,7175.0
2014-02-13,7155.0,7157.0,7156.0
2014-02-12,7174.0,7174.5,7174.25
2014-02-11,7119.5,7120.0,7119.75
2014-02-10,7190.0,7190.5,7190.25
2014-02-07,7199.5,7200.0,7199.75
2014-02-06,7108.5,7109.0,7108.75
2014-02-05,7095.5,7096.0,7095.75
2014-02-04,7105.0,7107.0,7106.0
2014-02-03,7095.0,7095.5,7095.25
2014-01-31,7090.0,7091.0,7090.5
2014-01-30,7154.0,7155.0,7154.5
2014-01-29,7208.0,7209.0,7208.5
2014-01-28,7214.5,7215.0,7214.75
2014-01-27,7230.0,7235.0,7232.5
2014-01-24,7239.5,7240.0,7239.75
2014-01-23,7284.5,7285.0,7284.75
2014-01-22,7326.0,7327.0,7326.5
2014-01-21,7331.5,7332.0,7331.75
2014-01-20,7335.0,7340.0,7337.5
2014-01-17,7379.0,7379.5,7379.25
2014-01-16,7345.0,7345.5,7345.25
2014-01-15,7308.0,7309.0,7308.5
2014-01-14,7342.0,7343.0,7342.5
2014-01-13,7305.0,7305.5,7305.25
2014-01-10,7283.0,7283.5,7283.25
2014-01-09,7281.0,7282.0,7281.5
2014-01-08,7367.0,7368.0,7367.5
2014-01-07,7353.0,7354.0,7353.5
2014-01-06,7313.0,7313.5,7313.25
2014-01-03,7335.0,7335.5,7335.25
2014-01-02,7439.0,7439.5,7439.25
2013-12-31,7394.0,7394.5,7394.25
2013-12-30,7386.5,7387.0,7386.75
2013-12-27,7374.0,7375.0,7374.5
2013-12-24,7278.0,7280.0,7279.0
2013-12-23,7250.0,7251.0,7250.5
2013-12-20,7264.0,7264.5,7264.25
2013-12-19,7218.0,7218.5,7218.25
2013-12-18,7228.0,7230.0,7229.0
2013-12-17,7285.5,7286.0,7285.75
2013-12-16,7325.0,7325.5,7325.25
2013-12-13,7218.0,7218.5,7218.25
2013-12-12,7229.5,7230.0,7229.75
2013-12-11,7169.0,7169.5,7169.25
2013-12-10,7165.0,7165.5,7165.25
2013-12-09,7140.0,7141.0,7140.5
2013-12-06,7111.0,7113.0,7112.0
2013-12-05,7080.5,7081.0,7080.75
2013-12-04,6974.5,6975.0,6974.75
2013-12-03,6944.5,6945.0,6944.75
2013-12-02,7008.0,7008.5,7008.25
2013-11-29,7026.0,7027.0,7026.5
2013-11-28,6987.0,6988.0,6987.5
2013-11-27,7051.0,7051.5,7051.25
2013-11-25,7067.0,7067.5,7067.25
2013-11-22,7065.0,7065.5,7065.25
2013-11-21,6991.0,6992.0,6991.5
2013-11-20,6979.5,6980.0,6979.75
2013-11-19,6946.0,6947.0,6946.5
2013-11-18,6999.0,6999.5,6999.25
2013-11-15,6967.0,6967.5,6967.25
2013-11-14,6938.5,6939.0,6938.75
2013-11-13,7021.0,7021.5,7021.25
2013-11-12,7123.5,7124.0,7123.75
2013-11-11,7133.0,7135.0,7134.0
2013-11-08,7125.0,7125.5,7125.25
2013-11-07,7118.5,7119.0,7118.75
2013-11-06,7199.0,7200.0,7199.5
2013-11-05,7138.0,7138.5,7138.25
2013-11-04,7179.5,7180.0,7179.75
2013-11-01,7255.0,7255.5,7255.25
2013-10-31,7233.0,7234.0,7233.5
2013-10-30,7275.0,7275.5,7275.25
2013-10-29,7215.0,7215.5,7215.25
2013-10-28,7160.0,7161.0,7160.5
2013-10-25,7125.5,7126.0,7125.75
2013-10-24,7159.5,7160.0,7159.75
2013-10-23,7200.0,7200.5,7200.25
2013-10-22,7258.0,7260.0,7259.0
2013-10-21,7225.0,7225.5,7225.25
2013-10-18,7241.0,7241.5,7241.25
2013-10-17,7171.5,7172.0,7171.75
2013-10-16,7158.0,7158.5,7158.25
2013-10-15,7185.5,7186.0,7185.75
2013-10-14,7205.0,7205.5,7205.25
2013-10-11,7123.0,7125.0,7124.0
2013-10-10,7112.0,7112.5,7112.25
2013-10-09,7140.0,7141.0,7140.5
2013-10-08,7231.0,7231.5,7231.25
2013-10-07,7170.5,7171.0,7170.75
2013-10-04,7147.0,7148.0,7147.5
2013-10-03,7215.0,7215.5,7215.25
2013-10-02,7155.5,7156.0,7155.75
2013-10-01,7218.5,7219.0,7218.75
2013-09-30,7290.0,7290.5,7290.25
2013-09-27,7252.0,7252.5,7252.25
2013-09-26,7220.0,7220.5,7220.25
2013-09-25,7154.5,7155.0,7154.75
2013-09-24,7140.0,7140.5,7140.25
2013-09-23,7180.5,7181.0,7180.75
2013-09-20,7294.5,7295.0,7294.75
2013-09-19,7301.0,7301.5,7301.25
2013-09-18,7090.0,7090.5,7090.25
2013-09-17,7056.0,7056.5,7056.25
2013-09-16,7049.5,7050.0,7049.75
2013-09-13,7028.0,7028.5,7028.25
2013-09-12,7043.0,7043.5,7043.25
2013-09-11,7162.0,7163.0,7162.5
2013-09-10,7171.0,7172.0,7171.5
2013-09-09,7191.0,7191.5,7191.25
2013-09-06,7170.0,7170.5,7170.25
2013-09-05,7101.0,7103.0,7102.0
2013-09-04,7124.5,7125.5,7125.0
2013-09-03,7183.0,7183.5,7183.25
2013-09-02,7175.0,7175.5,7175.25
2013-08-30,7094.0,7095.0,7094.5
2013-08-29,7210.0,7210.5,7210.25
2013-08-28,7235.5,7236.0,7235.75
2013-08-27,7300.0,7300.5,7300.25
2013-08-23,7300.0,7300.5,7300.25
2013-08-22,7340.0,7340.5,7340.25
2013-08-21,7235.5,7236.0,7235.75
2013-08-20,7265.0,7265.5,7265.25
2013-08-19,7285.0,7285.5,7285.25
2013-08-16,7335.0,7335.5,7335.25
2013-08-15,7225.0,7228.0,7226.5
2013-08-14,7272.0,7272.5,7272.25
2013-08-13,7280.5,7281.0,7280.75
2013-08-12,7245.0,7246.0,7245.5
2013-08-09,7185.0,7186.0,7185.5
2013-08-08,7121.0,7121.5,7121.25
2013-08-07,6891.0,6892.0,6891.5
2013-08-06,7026.0,7026.5,7026.25
2013-08-05,6950.0,6950.5,6950.25
2013-08-02,7018.0,7019.0,7018.5
2013-08-01,6998.0,6999.0,6998.5
2013-07-31,6800.0,6805.0,6802.5
2013-07-30,6751.0,6752.0,6751.5
2013-07-29,6860.0,6860.5,6860.25
2013-07-26,6905.0,6905.5,6905.25
2013-07-25,6927.0,6927.5,6927.25
2013-07-24,7076.0,7076.5,7076.25
2013-07-23,6960.0,6961.0,6960.5
2013-07-22,6978.0,6980.0,6979.0
2013-07-19,6919.5,6920.0,6919.75
2013-07-18,6855.0,6855.5,6855.25
2013-07-17,6923.0,6924.0,6923.5
2013-07-16,6936.0,6936.5,6936.25
2013-07-15,6891.0,6891.5,6891.25
2013-07-12,6922.5,6923.0,6922.75
2013-07-11,6995.0,6995.5,6995.25
2013-07-10,6779.5,6780.0,6779.75
2013-07-09,6718.5,6719.0,6718.75
2013-07-08,6764.5,6765.0,6764.75
2013-07-05,6820.0,6821.0,6820.5
2013-07-04,6920.0,6920.5,6920.25
2013-07-03,6921.0,6922.0,6921.5
2013-07-02,6979.5,6980.0,6979.75
2013-07-01,6915.0,6917.0,6916.0
2013-06-28,6750.0,6750.5,6750.25
2013-06-27,6704.5,6705.5,6705.0
2013-06-26,6685.0,6685.5,6685.25
2013-06-25,6726.0,6726.5,6726.25
2013-06-24,6637.0,6637.5,6637.25
2013-06-21,6775.0,6777.0,6776.0
2013-06-20,6807.5,6808.0,6807.75
2013-06-19,6972.0,6972.5,6972.25
2013-06-18,6970.0,6970.5,6970.25
2013-06-17,7020.0,7020.5,7020.25
2013-06-14,7044.0,7045.0,7044.5
2013-06-13,7057.0,7057.5,7057.25
2013-06-12,7085.5,7086.0,7085.75
2013-06-11,7035.0,7036.0,7035.5
2013-06-10,7119.5,7120.0,7119.75
2013-06-07,7281.0,7282.0,7281.5
2013-06-06,7310.5,7311.0,7310.75
2013-06-05,7421.0,7421.5,7421.25
2013-06-04,7337.0,7337.5,7337.25
2013-06-03,7330.0,7330.5,7330.25
2013-05-31,7240.0,7241.0,7240.5
2013-05-30,7245.0,7245.5,7245.25
2013-05-29,7201.0,7201.5,7201.25
2013-05-28,7256.5,7257.0,7256.75
2013-05-24,7239.0,7240.0,7239.5
2013-05-23,7285.0,7285.5,7285.25
2013-05-22,7475.0,7480.0,7477.5
2013-05-21,7383.0,7384.0,7383.5
2013-05-20,7275.0,7276.0,7275.5
2013-05-17,7329.0,7329.5,7329.25
2013-05-16,7095.0,7095.5,7095.25
2013-05-15,7095.0,7095.5,7095.25
2013-05-14,7195.0,7195.5,7195.25
2013-05-13,7350.0,7350.5,7350.25
2013-05-10,7390.0,7390.5,7390.25
2013-05-09,7310.0,7311.0,7310.5
2013-05-08,7325.0,7326.0,7325.5
2013-05-07,7240.0,7240.5,7240.25
2013-05-03,7121.0,7122.0,7121.5
2013-05-02,6870.0,6870.5,6870.25
2013-05-01,6870.0,6875.0,6872.5
2013-04-30,7073.0,7073.5,7073.25
2013-04-29,7078.0,7079.0,7078.5
2013-04-26,7054.0,7054.5,7054.25
2013-04-25,7033.0,7035.0,7034.0
2013-04-24,6935.0,6935.5,6935.25
2013-04-23,6810.0,6811.0,6810.5
2013-04-22,6874.5,6875.5,6875.0
2013-04-19,6974.5,6975.0,6974.75
2013-04-18,6962.0,6962.5,6962.25
2013-04-17,7065.0,7067.0,7066.0
2013-04-16,7218.5,7219.0,7218.75
2013-04-15,7120.0,7120.5,7120.25
2013-04-12,7508.0,7510.0,7509.0
2013-04-11,7509.5,7510.0,7509.75
2013-04-10,7546.5,7547.0,7546.75
2013-04-09,7485.0,7485.5,7485.25
2013-04-08,7457.0,7457.5,7457.25
2013-04-05,7375.5,7376.0,7375.75
2013-04-04,7336.0,7336.5,7336.25
2013-04-03,7405.0,7405.5,7405.25
2013-04-02,7434.0,7434.5,7434.25
2013-03-28,7582.0,7582.5,7582.25
2013-03-27,7569.5,7570.0,7569.75
2013-03-26,7630.0,7631.0,7630.5
2013-03-25,7601.5,7602.0,7601.75
2013-03-22,7616.0,7618.0,7617.0
2013-03-21,7575.0,7580.0,7577.5
2013-03-20,7574.0,7574.5,7574.25
2013-03-19,7537.0,7539.0,7538.0
2013-03-18,7555.0,7555.5,7555.25
2013-03-15,7781.0,7782.0,7781.5
2013-03-14,7761.5,7762.0,7761.75
2013-03-13,7777.0,7777.5,7777.25
2013-03-12,7813.0,7815.0,7814.0
2013-03-11,7675.0,7677.0,7676.0
2013-03-08,7729.5,7730.0,7729.75
2013-03-07,7670.5,7671.0,7670.75
2013-03-06,7699.0,7699.5,7699.25
2013-03-05,7715.0,7720.0,7717.5
2013-03-04,7750.0,7751.0,7750.5
2013-03-01,7620.0,7620.5,7620.25
2013-02-28,7825.0,7828.0,7826.5
2013-02-27,7830.5,7831.0,7830.75
2013-02-26,7784.0,7785.0,7784.5
2013-02-25,7865.0,7865.5,7865.25
2013-02-22,7820.0,7825.0,7822.5
2013-02-21,7847.0,7847.5,7847.25
2013-02-20,8009.0,8009.5,8009.25
2013-02-19,8069.0,8070.0,8069.5
2013-02-18,8075.0,8075.5,8075.25
2013-02-14,8196.5,8197.0,8196.75
2013-02-13,8220.5,8221.0,8220.75
2013-02-12,8184.0,8184.5,8184.25
2013-02-11,8215.5,8216.0,8215.75
2013-02-08,8214.5,8215.0,8214.75
2013-02-07,8211.5,8212.0,8211.75
2013-02-06,8199.0,8200.0,8199.5
2013-02-05,8242.0,8242.5,8242.25
2013-02-04,8225.5,8226.0,8225.75
2013-02-01,8159.5,8160.0,8159.75
2013-01-31,8168.0,8170.0,8169.0
2013-01-30,8175.0,8175.5,8175.25
2013-01-29,8010.0,8010.5,8010.25
2013-01-28,8014.5,8015.0,8014.75
2013-01-25,8059.5,8060.0,8059.75
2013-01-24,8035.5,8036.0,8035.75
2013-01-23,8115.0,8115.5,8115.25
2013-01-22,8067.0,8068.0,8067.5
2013-01-21,8020.0,8020.5,8020.25
2013-01-18,8050.0,8053.0,8051.5
2013-01-17,7925.0,7930.0,7927.5
2013-01-16,7910.0,7910.5,7910.25
2013-01-15,7944.0,7945.0,7944.5
2013-01-14,8029.5,8030.0,8029.75
2013-01-11,8070.5,8071.0,8070.75
2013-01-10,8116.0,8117.0,8116.5
2013-01-09,8058.0,8059.0,8058.5
2013-01-08,8050.0,8050.5,8050.25
2013-01-07,7995.0,7995.5,7995.25
2013-01-04,8025.0,8026.0,8025.5
2013-01-03,8140.0,8140.5,8140.25
2013-01-02,8084.5,8085.0,8084.75
2012-12-31,7914.5,7915.0,7914.75
2012-12-28,7865.0,7870.0,7867.5
2012-12-27,7871.0,7871.5,7871.25
2012-12-24,7778.0,7780.0,7779.0
2012-12-21,7768.0,7768.5,7768.25
2012-12-20,7825.0,7825.5,7825.25
2012-12-19,7945.5,7946.0,7945.75
2012-12-18,8005.0,8005.5,8005.25
2012-12-17,8000.0,8001.0,8000.5
2012-12-14,8047.0,8047.5,8047.25
2012-12-13,8000.0,8000.5,8000.25
2012-12-12,8101.0,8102.0,8101.5
2012-12-11,8068.0,8070.0,8069.0
2012-12-10,8111.0,8111.5,8111.25
2012-12-07,7965.0,7965.5,7965.25
2012-12-06,8020.0,8020.5,8020.25
2012-12-05,8021.0,8022.0,8021.5
2012-12-04,7990.5,7991.0,7990.75
2012-12-03,7975.0,7975.5,7975.25
2012-11-30,7948.5,7949.0,7948.75
2012-11-29,7849.5,7850.0,7849.75
2012-11-28,7719.0,7720.0,7719.5
2012-11-27,7795.5,7796.0,7795.75
2012-11-26,7770.0,7770.5,7770.25
2012-11-23,7675.5,7676.0,7675.75
2012-11-22,7715.5,7716.0,7715.75
2012-11-21,7704.0,7705.0,7704.5
2012-11-20,7730.0,7731.0,7730.5
2012-11-19,7670.0,7670.5,7670.25
2012-11-16,7572.5,7573.0,7572.75
2012-11-15,7605.0,7605.5,7605.25
2012-11-14,7634.5,7635.0,7634.75
2012-11-13,7606.0,7606.5,7606.25
2012-11-12,7626.0,7626.5,7626.25
2012-11-09,7540.0,7540.5,7540.25
2012-11-08,7605.0,7605.5,7605.25
2012-11-07,7654.0,7654.5,7654.25
2012-11-06,7660.5,7661.0,7660.75
2012-11-05,7603.5,7604.0,7603.75
2012-11-02,7765.0,7765.5,7765.25
2012-11-01,7810.5,7811.0,7810.75
2012-10-31,7818.0,7819.0,7818.5
2012-10-30,7759.5,7760.0,7759.75
2012-10-29,7719.0,7720.0,7719.5
2012-10-26,7764.5,7765.0,7764.75
2012-10-25,7851.5,7852.0,7851.75
2012-10-24,7860.0,7860.5,7860.25
2012-10-23,7860.0,7861.0,7860.5
2012-10-22,7983.0,7983.5,7983.25
2012-10-19,8120.0,8121.0,8120.5
2012-10-18,8209.0,8210.0,8209.5
2012-10-16,8140.5,8141.5,8141.0
2012-10-15,8129.0,8130.0,8129.5
2012-10-12,8178.0,8179.0,8178.5
2012-10-11,8210.0,8212.0,8211.0
2012-10-10,8124.0,8124.5,8124.25
2012-10-08,8132.5,8133.0,8132.75
2012-10-05,8297.0,8299.0,8298.0
2012-10-04,8324.0,8325.0,8324.5
2012-10-03,8275.5,8276.0,8275.75
2012-10-02,8338.0,8340.0,8339.0
2012-10-01,8191.0,8191.5,8191.25
2012-09-28,8266.5,8267.5,8267.0
2012-09-27,8173.0,8175.0,8174.0
2012-09-26,8130.0,8130.5,8130.25
2012-09-25,8235.0,8235.5,8235.25
2012-09-21,8281.5,8282.0,8281.75
2012-09-20,8200.0,8202.0,8201.0
2012-09-19,8322.5,8323.0,8322.75
2012-09-18,8223.0,8224.0,8223.5
2012-09-17,8292.5,8293.0,8292.75
2012-09-14,8400.0,8400.5,8400.25
2012-09-13,8055.0,8055.5,8055.25
2012-09-12,8100.0,8100.5,8100.25
2012-09-11,8079.5,8080.0,8079.75
2012-09-10,8031.5,8032.0,8031.75
2012-09-07,7843.5,7844.0,7843.75
2012-09-06,7670.0,7670.5,7670.25
2012-09-05,7606.0,7606.5,7606.25
2012-09-04,7640.0,7640.5,7640.25
2012-09-03,7649.0,7649.5,7649.25
2012-08-31,7576.0,7576.5,7576.25
2012-08-30,7610.5,7611.0,7610.75
2012-08-29,7524.0,7524.5,7524.25
2012-08-28,7605.5,7606.0,7605.75
2012-08-24,7600.0,7600.5,7600.25
2012-08-23,7667.0,7667.5,7667.25
2012-08-22,7571.0,7571.5,7571.25
2012-08-21,7509.5,7510.0,7509.75
2012-08-20,7431.0,7433.0,7432.0
2012-08-17,7495.5,7496.0,7495.75
2012-08-16,7385.0,7386.0,7385.5
2012-08-15,7385.0,7386.0,7385.5
2012-08-14,7406.0,7407.0,7406.5
2012-08-13,7426.0,7426.5,7426.25
2012-08-10,7430.0,7430.5,7430.25
2012-08-09,7495.0,7495.5,7495.25
2012-07-31,7580.0,7581.0,7580.5
2012-07-30,7519.0,7520.0,7519.5
2012-07-27,7554.5,7555.0,7554.75
2012-07-26,7510.0,7510.5,7510.25
2012-07-25,7440.0,7441.0,7440.5
2012-07-24,7395.5,7396.0,7395.75
2012-07-23,7386.0,7387.0,7386.5
2012-07-20,7620.0,7625.0,7622.5
2012-07-19,7764.5,7765.0,7764.75
2012-07-18,7595.0,7596.0,7595.5
2012-07-17,7670.0,7671.0,7670.5
2012-07-16,7635.0,7636.0,7635.5
2012-07-13,7688.5,7689.5,7689.0
2012-07-12,7505.0,7510.0,7507.5
2012-07-11,7525.0,7525.5,7525.25
2012-07-10,7555.0,7556.0,7555.5
2012-07-09,7520.0,7520.5,7520.25
2012-07-06,7595.0,7600.0,7597.5
2012-07-05,7760.5,7761.5,7761.0
2012-07-04,7695.0,7695.5,7695.25
2012-07-03,7776.0,7777.0,7776.5
2012-07-02,7647.0,7647.5,7647.25
2012-06-29,7604.0,7604.5,7604.25
2012-06-28,7420.0,7421.0,7420.5
2012-06-27,7353.0,7354.0,7353.5
2012-06-26,7346.0,7347.0,7346.5
2012-06-25,7342.0,7342.5,7342.25
2012-06-22,7319.0,7320.0,7319.5
2012-06-21,7425.5,7426.0,7425.75
2012-06-20,7555.0,7555.5,7555.25
2012-06-19,7505.0,7505.5,7505.25
2012-06-18,7475.0,7475.5,7475.25
2012-06-15,7520.0,7521.0,7520.5
2012-06-14,7376.0,7376.5,7376.25
2012-06-13,7397.0,7397.5,7397.25
2012-06-12,7383.5,7384.0,7383.75
2012-06-11,7395.5,7396.0,7395.75
2012-06-08,7251.0,7251.5,7251.25
2012-06-07,7480.0,7480.5,7480.25
2012-06-06,7459.0,7459.5,7459.25
2012-06-01,7363.5,7364.0,7363.75
2012-05-31,7516.0,7517.0,7516.5
2012-05-30,7540.0,7545.0,7542.5
2012-05-29,7685.0,7685.5,7685.25
2012-05-28,7738.0,7740.0,7739.0
2012-05-25,7695.0,7695.5,7695.25
2012-05-24,7659.5,7660.5,7660.0
2012-05-23,7630.0,7630.5,7630.25
2012-05-22,7770.0,7775.0,7772.5
2012-05-21,7799.5,7800.5,7800.0
2012-05-18,7795.0,7795.5,7795.25
2012-05-17,7707.0,7708.0,7707.5
2012-05-16,7709.0,7710.0,7709.5
2012-05-15,7853.0,7854.0,7853.5
2012-05-14,7979.0,7980.0,7979.5
2012-05-11,8079.5,8080.0,8079.75
2012-05-10,8195.0,8195.5,8195.25
2012-05-09,8088.0,8089.0,8088.5
2012-05-08,8233.0,8234.0,8233.5
2012-05-04,8295.5,8296.0,8295.75
2012-05-03,8316.0,8318.0,8317.0
2012-05-02,8400.0,8401.0,8400.5
2012-05-01,8527.0,8528.0,8527.5
2012-04-30,8529.0,8529.5,8529.25
2012-04-27,8443.0,8443.5,8443.25
2012-04-26,8355.0,8356.0,8355.5
2012-04-25,8285.0,8285.5,8285.25
2012-04-24,8193.5,8194.0,8193.75
2012-04-23,8120.0,8125.0,8122.5
2012-04-20,8120.0,8120.5,8120.25
2012-04-19,8045.0,8045.5,8045.25
2012-04-18,8080.0,8085.0,8082.5
2012-04-17,8100.0,8100.5,8100.25
2012-04-16,8053.5,8054.0,8053.75
2012-04-13,8165.0,8165.5,8165.25
2012-04-12,8180.0,8185.0,8182.5
2012-04-11,8110.0,8115.0,8112.5
2012-04-10,8255.5,8256.0,8255.75
2012-04-05,8365.0,8365.5,8365.25
2012-04-04,8451.0,8451.5,8451.25
2012-04-03,8575.0,8575.5,8575.25
2012-04-02,8479.0,8480.0,8479.5
2012-03-30,8479.5,8480.0,8479.75
2012-03-29,8359.5,8360.0,8359.75
2012-03-28,8480.0,8480.5,8480.25
2012-03-27,8510.0,8512.0,8511.0
2012-03-26,8480.0,8485.0,8482.5
2012-03-23,8399.5,8400.5,8400.0
2012-03-22,8319.5,8320.0,8319.75
2012-03-21,8470.0,8470.5,8470.25
2012-03-20,8436.0,8437.0,8436.5
2012-03-19,8574.0,8575.0,8574.5
2012-03-16,8620.0,8620.5,8620.25
2012-03-15,8490.0,8490.5,8490.25
2012-03-14,8467.5,8468.0,8467.75
2012-03-13,8528.0,8530.0,8529.0
2012-03-12,8401.0,8401.5,8401.25
2012-03-09,8390.0,8390.5,8390.25
2012-03-08,8388.0,8390.0,8389.0
2012-03-07,8260.0,8261.0,8260.5
2012-03-06,8335.0,8335.5,8335.25
2012-03-05,8501.5,8502.0,8501.75
2012-03-02,8574.5,8575.0,8574.75
2012-03-01,8569.5,8570.0,8569.75
2012-02-29,8583.0,8585.0,8584.0
2012-02-28,8655.0,8658.0,8656.5
2012-02-27,8435.5,8436.0,8435.75
2012-02-24,8440.0,8441.0,8440.5
2012-02-23,8407.0,8408.0,8407.5
2012-02-22,8390.5,8391.0,8390.75
2012-02-21,8324.0,8325.0,8324.5
2012-02-20,8232.0,8234.0,8233.0
2012-02-17,8369.5,8370.0,8369.75
2012-02-16,8209.0,8209.5,8209.25
2012-02-15,8395.0,8395.5,8395.25
2012-02-14,8400.0,8405.0,8402.5
2012-02-13,8511.0,8512.0,8511.5
2012-02-10,8590.0,8591.0,8590.5
2012-02-09,8520.0,8520.5,8520.25
2012-02-08,8585.5,8586.0,8585.75
2012-02-07,8335.0,8335.5,8335.25
2012-02-06,8462.0,8463.0,8462.5
2012-02-03,8315.0,8320.0,8317.5
2012-02-02,8338.5,8339.0,8338.75
2012-02-01,8351.0,8351.5,8351.25
2012-01-31,8484.5,8485.5,8485.0
2012-01-30,8398.0,8399.0,8398.5
2012-01-27,8609.5,8610.0,8609.75
2012-01-26,8555.0,8560.0,8557.5
2012-01-25,8270.0,8271.0,8270.5
2012-01-24,8266.5,8267.0,8266.75
2012-01-23,8332.0,8333.0,8332.5
2012-01-20,8230.0,8230.5,8230.25
2012-01-19,8350.0,8350.5,8350.25
2012-01-18,8155.5,8156.0,8155.75
2012-01-17,8184.5,8185.0,8184.75
2012-01-16,8020.0,8021.0,8020.5
2012-01-13,7965.0,7965.5,7965.25
2012-01-12,7945.5,7946.0,7945.75
2012-01-11,7689.0,7689.5,7689.25
2012-01-10,7640.5,7641.0,7640.75
2012-01-09,7502.5,7503.0,7502.75
2012-01-06,7514.0,7515.0,7514.5
2012-01-05,7470.0,7471.0,7470.5
2012-01-04,7651.5,7652.0,7651.75
2012-01-03,7660.0,7661.0,7660.5
