Trade Date,Open,High,Low,Close,Settle,Change,Total Volume,EFP,Prev. Day Open Interest
2015-04-06,0.0,17.3,17.35,0.0,17.175,17.18,0.0,0.0,40.0
2015-04-02,0.0,17.3,17.9,0.0,17.8,0.1,0.0,0.0,40.0
2015-04-01,0.0,18.0,17.95,0.0,17.7,-0.25,0.0,0.0,40.0
2015-03-31,0.0,17.35,17.65,0.0,17.95,0.65,0.0,0.0,40.0
2015-03-30,0.0,17.1,17.5,0.0,17.3,-0.5,0.0,0.0,40.0
2015-03-27,0.0,17.4,17.95,0.0,17.8,-0.3,0.0,0.0,40.0
2015-03-26,0.0,18.2,18.2,0.0,18.1,0.12,0.0,0.0,40.0
2015-03-25,0.0,17.35,17.0,0.0,17.975,1.12,0.0,0.0,40.0
2015-03-24,0.0,16.5,16.7,0.0,16.85,-0.1,0.0,0.0,40.0
2015-03-23,0.0,16.6,17.15,0.0,16.95,-0.22,0.0,0.0,40.0
2015-03-20,0.0,17.0,17.15,0.0,17.175,-0.12,0.0,0.0,40.0
2015-03-19,0.0,17.25,17.65,0.0,17.3,-0.2,0.0,0.0,40.0
2015-03-18,0.0,17.95,17.8,0.0,17.5,-0.5,0.0,0.0,40.0
2015-03-17,0.0,17.25,17.05,0.0,16.7,-0.85,0.0,0.0,91.0
2015-03-16,17.2,17.2,17.2,17.2,17.55,-0.48,5.0,0.0,91.0
2015-03-13,0.0,17.8,17.4,0.0,18.025,0.88,0.0,0.0,91.0
2015-03-12,0.0,17.65,17.25,0.0,17.15,-1.45,0.0,0.0,91.0
2015-03-11,18.05,18.25,18.05,18.05,18.6,0.75,3.0,0.0,91.0
2015-03-10,17.5,17.85,17.5,17.85,17.85,1.22,10.0,0.0,94.0
2015-03-09,16.95,16.95,16.8,16.95,16.625,-0.35,5.0,0.0,104.0
2015-03-06,16.05,16.7,16.05,16.05,16.975,0.9,10.0,0.0,109.0
2015-03-05,0.0,16.15,16.35,0.0,16.075,-0.3,0.0,0.0,119.0
2015-03-04,0.0,16.65,16.7,0.0,16.375,0.05,0.0,0.0,119.0
2015-03-03,16.55,16.6,16.45,16.55,16.325,0.48,1.0,0.0,119.0
2015-03-02,16.0,16.1,16.0,16.0,15.85,-0.75,10.0,0.0,119.0
2015-02-27,16.15,16.4,16.15,16.4,16.6,-0.02,15.0,0.0,109.0
2015-02-26,16.6,16.6,16.55,16.6,16.625,0.0,1.0,0.0,124.0
2015-02-25,16.35,16.8,16.35,16.7,16.625,0.02,23.0,0.0,124.0
2015-02-24,0.0,17.05,16.95,0.0,16.6,-0.65,0.0,0.0,144.0
2015-02-23,0.0,17.2,17.5,0.0,17.25,-0.1,0.0,0.0,144.0
2015-02-20,18.0,18.1,17.35,17.35,17.35,-0.6,3.0,0.0,144.0
2015-02-19,18.3,18.3,18.25,18.3,17.95,-0.45,1.0,0.0,144.0
2015-02-18,18.65,18.65,18.55,18.55,18.4,-0.18,4.0,0.0,144.0
2015-02-17,16.75,16.75,16.3,16.3,16.375,-0.22,10.0,0.0,120.0
2015-02-13,16.6,17.05,16.55,16.55,16.6,-0.8,32.0,0.0,122.0
2015-02-12,17.95,18.1,17.45,17.6,17.4,-1.2,6.0,0.0,129.0
2015-02-11,19.1,19.3,18.9,18.95,18.6,-0.62,33.0,0.0,129.0
2015-02-10,19.95,20.05,19.45,20.05,19.225,-1.32,10.0,0.0,120.0
2015-02-09,20.8,20.9,20.75,20.8,20.55,0.18,5.0,0.0,110.0
2015-02-06,0.0,20.8,19.8,0.0,20.375,0.52,0.0,0.0,105.0
2015-02-05,19.8,20.15,19.8,19.8,19.85,-1.2,5.0,0.0,105.0
2015-02-04,0.0,20.8,20.15,0.0,21.05,0.62,0.0,0.0,100.0
2015-02-03,20.45,21.25,20.4,20.4,20.425,-0.55,10.0,0.0,100.0
2015-02-02,22.05,22.75,21.2,21.65,20.975,-0.85,45.0,0.0,90.0
2015-01-30,20.75,22.35,20.6,20.6,21.825,1.42,50.0,0.0,90.0
2015-01-29,21.6,21.8,20.55,21.25,20.4,-0.92,30.0,0.0,70.0
2015-01-28,21.3,21.3,19.3,21.3,21.325,1.88,5.0,0.0,40.0
2015-01-27,19.7,20.05,19.45,20.05,19.45,0.95,15.0,0.0,35.0
2015-01-26,0.0,19.35,18.7,0.0,18.5,-0.78,0.0,0.0,50.0
2015-01-23,0.0,19.3,18.8,0.0,19.275,0.22,0.0,0.0,50.0
2015-01-22,19.9,20.35,19.2,19.9,19.05,-1.08,5.0,0.0,50.0
2015-01-21,21.3,21.5,20.25,20.25,20.125,-1.1,45.0,0.0,50.0
2015-01-20,21.6,22.0,20.95,21.6,21.225,-0.58,5.0,0.0,5.0
2015-01-16,22.6,23.2,21.85,22.55,21.8,-0.68,10.0,0.0,10.0
2015-01-15,22.35,22.55,21.55,21.55,22.475,0.95,20.0,0.0,6.0
2015-01-14,22.25,22.35,21.75,22.25,21.525,0.2,5.0,0.0,10.0
2015-01-13,0.0,21.75,19.7,0.0,21.325,0.52,0.0,0.0,5.0
2015-01-12,0.0,21.0,19.95,0.0,20.8,0.82,0.0,0.0,5.0
2015-01-09,0.0,20.1,19.15,0.0,19.975,0.82,0.0,0.0,5.0
2015-01-08,0.0,19.55,19.15,0.0,19.15,-1.12,0.0,0.0,5.0
2015-01-07,20.3,20.7,20.2,20.2,20.275,-1.12,10.0,0.0,5.0
2015-01-06,21.45,21.75,20.35,20.75,21.4,0.9,35.0,0.0,6.0
2015-01-05,20.3,20.75,19.95,20.35,20.5,0.92,10.0,0.0,35.0
2015-01-02,20.45,20.5,19.0,20.3,19.575,-0.15,20.0,0.0,40.0
2014-12-31,19.6,20.25,18.45,19.9,19.725,1.22,40.0,0.0,20.0
2014-12-30,18.2,18.5,18.15,18.25,18.5,0.42,15.0,0.0,30.0
2014-12-29,18.05,18.2,18.0,18.0,18.075,0.3,20.0,0.0,30.0
2014-12-26,17.9,18.1,17.9,18.1,17.775,-0.4,10.0,0.0,35.0
2014-12-24,0.0,18.05,18.05,0.0,18.175,0.18,0.0,0.0,45.0
2014-12-23,18.35,18.35,18.0,18.05,18.0,-0.28,10.0,0.0,45.0
2014-12-22,18.25,18.25,18.0,18.25,18.28,-0.12,5.0,0.0,35.0
2014-12-19,18.9,18.95,18.45,18.9,18.4,-0.7,5.0,0.0,40.0
2014-12-18,18.8,19.1,18.6,19.0,19.1,-0.35,55.0,0.0,45.0
2014-12-17,20.2,21.1,19.3,19.4,19.45,-1.95,30.0,0.0,31.0
2014-12-16,22.45,23.85,20.55,22.3,23.9,2.95,62.0,0.0,71.0
2014-12-15,19.5,21.8,19.35,20.75,20.95,0.25,23.0,0.0,53.0
2014-12-12,0.0,20.55,19.25,0.0,20.7,0.5,0.0,0.0,36.0
2014-12-11,18.8,20.15,17.1,20.1,20.2,1.55,50.0,0.0,36.0
2014-12-10,18.05,18.45,16.6,18.1,18.65,2.25,20.0,0.0,86.0
2014-12-09,17.25,17.3,16.35,17.25,16.4,0.05,10.0,0.0,66.0
2014-12-08,0.0,16.35,15.45,0.0,16.35,0.7,0.0,0.0,61.0
2014-12-05,0.0,15.7,15.65,0.0,15.65,-0.25,0.0,0.0,61.0
2014-12-04,0.0,16.05,15.8,0.0,15.9,-0.25,0.0,0.0,61.0
2014-12-03,0.0,16.05,15.9,0.0,16.15,0.1,0.0,0.0,61.0
2014-12-02,0.0,16.75,16.2,0.0,16.05,-1.1,0.0,0.0,61.0
2014-12-01,16.25,17.05,16.25,16.7,17.15,1.05,20.0,0.0,61.0
2014-11-28,0.0,16.0,15.55,0.0,16.1,0.3,0.0,0.0,61.0
2014-11-26,0.0,16.1,15.85,0.0,15.8,-0.2,0.0,0.0,61.0
2014-11-25,0.0,16.2,16.15,0.0,16.0,-0.15,0.0,0.0,61.0
2014-11-24,0.0,16.45,16.25,0.0,16.15,-0.5,0.0,0.0,61.0
2014-11-21,0.0,16.6,16.6,0.0,16.65,0.05,0.0,0.0,61.0
2014-11-20,16.85,17.2,16.75,16.85,16.6,-0.45,10.0,0.0,61.0
2014-11-19,0.0,0.0,0.0,0.0,15.23,-0.22,0.0,0.0,92.0
2014-11-18,0.0,15.55,15.3,0.0,15.45,-0.5,0.0,0.0,92.0
2014-11-17,15.95,16.05,15.85,15.95,15.95,0.15,5.0,0.0,92.0
2014-11-14,15.65,15.8,15.5,15.8,15.8,0.05,60.0,0.0,97.0
2014-11-13,15.5,15.8,15.4,15.5,15.75,0.05,10.0,0.0,157.0
2014-11-12,0.0,15.85,15.7,0.0,15.7,0.05,0.0,0.0,147.0
2014-11-11,0.0,15.9,15.65,0.0,15.65,-0.1,0.0,0.0,147.0
2014-11-10,0.0,16.1,15.6,0.0,15.75,-0.75,0.0,0.0,147.0
2014-11-07,16.55,16.8,16.55,16.55,16.5,-0.25,10.0,0.0,147.0
2014-11-06,17.0,17.15,16.75,17.0,16.75,-0.35,10.0,0.0,157.0
2014-11-05,17.0,17.3,16.9,17.05,17.1,-0.1,25.0,0.0,167.0
2014-11-04,17.3,17.65,17.2,17.2,17.2,-0.25,55.0,0.0,172.0
2014-11-03,17.2,17.5,17.2,17.35,17.45,-0.05,20.0,0.0,187.0
2014-10-31,17.2,17.35,17.1,17.15,17.5,-0.4,15.0,0.0,167.0
2014-10-30,18.25,18.25,17.8,17.85,17.9,0.0,15.0,0.0,152.0
2014-10-29,0.0,18.05,17.7,0.0,17.9,0.3,0.0,0.0,137.0
2014-10-28,17.85,18.15,17.75,17.85,17.6,-0.75,5.0,0.0,137.0
2014-10-27,0.0,19.1,18.5,0.0,18.35,-0.45,0.0,0.0,142.0
2014-10-24,0.0,19.75,18.9,0.0,18.8,-0.15,0.0,0.0,142.0
2014-10-23,0.0,19.15,18.7,0.0,18.95,-0.65,0.0,0.0,142.0
2014-10-22,0.0,0.0,0.0,0.0,18.21,-0.34,0.0,0.0,0.0
2014-10-21,0.0,19.35,18.6,0.0,18.55,-1.8,0.0,0.0,5.0
2014-10-20,20.3,23.0,20.3,20.3,20.35,-2.55,5.0,0.0,5.0
2014-10-17,22.25,23.65,21.85,23.0,22.9,-1.65,145.0,0.0,5.0
2014-10-16,26.2,27.1,24.25,24.55,24.55,-1.3,50.0,0.0,130.0
2014-10-15,25.05,26.55,23.75,24.3,25.85,3.25,100.0,0.0,120.0
2014-10-14,22.2,23.9,21.15,23.15,22.6,-0.25,80.0,0.0,45.0
2014-10-13,21.75,23.85,20.5,23.6,22.85,1.45,60.0,0.0,5.0
2014-10-10,19.6,21.5,18.55,19.6,21.4,2.9,2.0,0.0,5.0
2014-10-09,0.0,18.6,17.35,0.0,18.5,1.2,0.0,0.0,7.0
2014-10-08,19.15,19.25,17.3,18.55,17.3,-1.8,20.0,0.0,7.0
2014-10-07,18.55,19.05,18.35,18.7,19.1,1.2,60.0,0.0,7.0
2014-10-06,0.0,17.85,16.9,0.0,17.9,0.6,0.0,0.0,7.0
2014-10-03,0.0,17.85,17.2,0.0,17.3,-1.15,0.0,0.0,7.0
2014-10-02,18.5,19.05,18.1,18.25,18.45,-0.2,90.0,0.0,7.0
2014-10-01,0.0,18.6,18.75,0.0,18.65,0.8,30.0,0.0,7.0
2014-09-30,0.0,17.95,17.5,0.0,17.85,-0.15,0.0,0.0,7.0
2014-09-29,0.0,17.95,17.45,0.0,18.0,1.0,0.0,0.0,7.0
2014-09-26,0.0,17.35,16.9,0.0,17.0,-0.25,0.0,0.0,7.0
2014-09-25,16.9,17.35,16.2,17.15,17.25,1.25,16.0,0.0,7.0
2014-09-24,0.0,16.45,16.05,0.0,16.0,-0.65,0.0,0.0,9.0
2014-09-23,0.0,16.5,16.25,0.0,16.65,0.4,0.0,0.0,9.0
2014-09-22,0.0,16.1,15.7,0.0,16.25,0.75,0.0,0.0,9.0
2014-09-19,0.0,15.55,15.35,0.0,15.5,0.1,0.0,0.0,9.0
2014-09-18,0.0,15.5,15.5,0.0,15.4,-0.25,0.0,0.0,9.0
2014-09-17,0.0,0.0,0.0,0.0,14.83,-0.22,0.0,0.0,90.0
2014-09-16,16.55,16.55,15.05,15.7,15.05,-1.25,62.0,0.0,90.0
2014-09-15,16.15,16.4,15.2,16.4,16.3,1.25,22.0,0.0,32.0
2014-09-12,14.95,15.35,14.75,15.25,15.05,0.3,75.0,0.0,24.0
2014-09-11,15.1,15.2,14.8,15.0,14.75,0.05,50.0,0.0,99.0
2014-09-10,0.0,14.95,14.75,0.0,14.7,-0.15,0.0,0.0,104.0
2014-09-09,14.45,14.8,14.25,14.8,14.85,0.65,90.0,0.0,104.0
2014-09-08,14.3,14.3,14.1,14.1,14.2,-0.25,45.0,0.0,104.0
2014-09-05,0.0,14.75,14.55,0.0,14.45,-0.2,0.0,0.0,104.0
2014-09-04,14.4,14.7,14.35,14.35,14.65,0.05,30.0,0.0,104.0
2014-09-03,14.6,14.65,14.35,14.55,14.6,0.1,30.0,0.0,104.0
2014-09-02,14.5,14.6,14.4,14.45,14.5,-0.05,75.0,0.0,120.0
2014-08-29,0.0,14.6,14.45,0.0,14.55,0.1,0.0,0.0,135.0
2014-08-28,0.0,14.7,14.6,0.0,14.45,0.05,0.0,0.0,135.0
2014-08-27,0.0,14.4,14.45,0.0,14.4,0.0,0.0,0.0,135.0
2014-08-26,0.0,14.4,14.4,0.0,14.4,0.0,0.0,0.0,135.0
2014-08-25,14.3,14.5,14.3,14.5,14.4,-0.05,35.0,0.0,135.0
2014-08-22,0.0,14.65,14.5,0.0,14.45,-0.05,0.0,0.0,135.0
2014-08-21,0.0,14.7,14.6,0.0,14.5,-0.1,0.0,0.0,135.0
2014-08-20,0.0,0.0,0.0,0.0,12.85,-0.05,0.0,0.0,95.0
2014-08-19,0.0,12.95,12.95,0.0,12.9,-0.25,0.0,0.0,95.0
2014-08-18,13.3,13.5,13.25,13.4,13.15,-0.7,22.0,0.0,95.0
2014-08-15,13.8,14.75,13.55,14.45,13.85,-0.3,75.0,0.0,87.0
2014-08-14,0.0,14.75,14.25,0.0,14.15,-0.85,0.0,0.0,27.0
2014-08-13,0.0,15.6,15.05,0.0,15.0,-1.15,0.0,0.0,27.0
2014-08-12,0.0,16.35,16.05,0.0,16.15,-0.25,0.0,0.0,27.0
2014-08-11,16.1,16.65,15.95,16.1,16.4,-0.85,15.0,0.0,27.0
2014-08-08,17.75,17.9,17.1,17.75,17.25,-0.5,14.0,0.0,27.0
2014-08-07,0.0,17.85,16.8,0.0,17.75,0.55,0.0,0.0,20.0
2014-08-06,0.0,17.2,16.55,0.0,17.2,0.1,0.0,0.0,20.0
2014-08-05,0.0,17.3,16.15,0.0,17.1,1.05,0.0,0.0,20.0
2014-08-04,0.0,16.75,15.75,0.0,16.05,-0.95,0.0,0.0,20.0
2014-08-01,15.6,17.0,15.4,15.75,17.0,1.05,17.0,0.0,20.0
2014-07-31,15.6,15.9,15.2,15.6,15.95,1.25,14.0,0.0,35.0
2014-07-30,0.0,14.65,14.4,0.0,14.7,0.05,0.0,0.0,42.0
2014-07-29,0.0,14.6,14.5,0.0,14.65,0.05,0.0,0.0,42.0
2014-07-28,0.0,14.85,14.6,0.0,14.6,-0.15,0.0,0.0,42.0
2014-07-25,0.0,14.75,14.7,0.0,14.75,0.3,0.0,0.0,42.0
2014-07-24,0.0,14.6,14.45,0.0,14.45,-0.05,0.0,0.0,42.0
2014-07-23,0.0,14.45,14.4,0.0,14.5,0.0,0.0,0.0,42.0
2014-07-22,0.0,14.55,14.45,0.0,14.5,-0.35,0.0,0.0,42.0
2014-07-21,0.0,15.0,14.75,0.0,14.85,0.2,0.0,0.0,42.0
2014-07-18,15.05,15.05,14.6,15.05,14.65,-0.9,14.0,0.0,42.0
2014-07-17,15.8,15.9,14.7,15.85,15.55,1.05,17.0,0.0,35.0
2014-07-16,0.0,0.0,0.0,0.0,14.06,-0.24,0.0,0.0,60.0
2014-07-15,13.8,14.5,13.7,13.8,14.3,0.45,2.0,0.0,60.0
2014-07-14,13.8,13.8,13.7,13.8,13.85,-0.35,7.0,0.0,62.0
2014-07-11,0.0,14.3,14.15,0.0,14.2,-0.3,0.0,0.0,69.0
2014-07-10,0.0,14.75,14.25,0.0,14.5,0.7,0.0,0.0,69.0
2014-07-09,0.0,13.8,13.6,0.0,13.8,0.0,0.0,0.0,69.0
2014-07-08,0.0,14.0,13.5,0.0,13.8,0.45,0.0,0.0,69.0
2014-07-07,0.0,13.3,13.1,0.0,13.35,0.4,0.0,0.0,69.0
2014-07-03,13.2,13.2,13.0,13.0,12.95,-0.2,9.0,0.0,69.0
2014-07-02,12.95,13.15,12.95,12.95,13.15,-0.1,10.0,0.0,69.0
2014-07-01,13.45,13.45,13.25,13.45,13.25,-0.3,3.0,0.0,59.0
2014-06-30,13.55,13.65,13.5,13.55,13.55,-0.2,10.0,0.0,59.0
2014-06-27,0.0,14.0,13.8,0.0,13.75,-0.1,0.0,0.0,49.0
2014-06-26,0.0,14.15,13.85,0.0,13.85,-0.05,0.0,0.0,49.0
2014-06-25,14.4,14.6,13.9,14.4,13.9,-0.5,15.0,0.0,49.0
2014-06-24,14.5,14.55,14.1,14.35,14.4,0.05,86.0,0.0,49.0
2014-06-23,14.95,14.95,14.5,14.75,14.35,-0.55,30.0,0.0,75.0
2014-06-20,14.85,14.85,14.75,14.85,14.9,0.05,15.0,0.0,90.0
2014-06-19,0.0,14.75,14.55,0.0,14.85,0.2,0.0,0.0,105.0
2014-06-18,0.0,0.0,0.0,0.0,13.35,-0.5,0.0,0.0,365.0
2014-06-17,14.3,14.3,13.75,13.8,13.85,-0.5,52.0,0.0,365.0
2014-06-16,14.55,14.55,14.35,14.4,14.35,-0.15,67.0,0.0,417.0
2014-06-13,14.7,14.8,14.5,14.5,14.5,-0.3,45.0,0.0,357.0
2014-06-12,14.55,15.1,14.45,15.0,14.8,0.45,45.0,0.0,312.0
2014-06-11,14.55,14.55,14.35,14.5,14.35,0.0,30.0,0.0,267.0
2014-06-10,0.0,14.5,14.25,0.0,14.35,-0.25,0.0,0.0,237.0
2014-06-09,14.45,14.55,14.25,14.45,14.6,0.35,10.0,0.0,237.0
2014-06-06,0.0,14.45,14.35,0.0,14.25,-0.6,0.0,0.0,227.0
2014-06-05,0.0,15.2,14.8,0.0,14.85,-0.45,0.0,0.0,227.0
2014-06-04,0.0,15.6,15.3,0.0,15.3,-0.1,0.0,0.0,227.0
2014-06-03,15.4,15.45,15.4,15.4,15.4,-0.05,10.0,0.0,227.0
2014-06-02,15.45,15.65,15.45,15.45,15.45,-0.1,20.0,0.0,217.0
2014-05-30,0.0,15.55,15.45,0.0,15.55,0.1,0.0,0.0,197.0
2014-05-29,0.0,15.4,15.45,0.0,15.45,-0.1,0.0,0.0,197.0
2014-05-28,15.45,15.55,15.45,15.45,15.55,0.2,15.0,0.0,197.0
2014-05-27,0.0,15.55,15.35,0.0,15.35,-0.45,0.0,0.0,182.0
2014-05-23,16.05,16.05,15.95,15.95,15.8,-0.35,46.0,0.0,182.0
2014-05-22,16.15,16.15,15.85,15.85,16.15,-0.15,30.0,0.0,136.0
2014-05-21,0.0,0.0,0.0,0.0,14.53,-0.92,0.0,0.0,510.0
2014-05-20,15.35,15.8,15.25,15.75,15.45,-0.25,75.0,0.0,510.0
2014-05-19,16.4,16.4,15.65,15.7,15.7,-0.5,54.0,0.0,585.0
2014-05-16,16.5,16.85,16.25,16.25,16.2,-0.55,30.0,0.0,542.0
2014-05-15,16.4,17.1,16.25,16.4,16.75,0.4,15.0,0.0,512.0
2014-05-14,16.4,16.55,16.15,16.55,16.35,-0.25,30.0,0.0,527.0
2014-05-13,16.55,16.7,16.55,16.55,16.6,-0.05,15.0,0.0,557.0
2014-05-12,16.9,17.1,16.5,16.5,16.65,-0.8,47.0,0.0,542.0
2014-05-09,0.0,18.15,17.55,0.0,17.45,-0.45,0.0,0.0,495.0
2014-05-08,17.75,17.95,17.55,17.9,17.9,0.0,60.0,0.0,495.0
2014-05-07,18.1,18.35,17.7,18.35,17.9,0.2,30.0,0.0,495.0
2014-05-06,0.0,17.6,17.4,0.0,17.7,0.25,0.0,0.0,525.0
2014-05-05,17.65,18.1,17.55,17.65,17.45,-0.35,15.0,0.0,525.0
2014-05-02,0.0,17.9,17.75,0.0,17.8,-0.05,0.0,0.0,510.0
2014-05-01,0.0,18.0,17.8,0.0,17.85,-0.25,0.0,0.0,510.0
2014-04-30,18.3,18.3,18.1,18.1,18.1,0.0,44.0,0.0,510.0
2014-04-29,18.15,18.4,18.1,18.4,18.1,-0.25,28.0,0.0,503.0
2014-04-28,18.6,18.8,18.4,18.6,18.35,-0.1,14.0,0.0,503.0
2014-04-25,0.0,18.65,18.4,0.0,18.45,0.35,0.0,0.0,510.0
2014-04-24,18.25,18.35,17.95,17.95,18.1,-0.15,45.0,0.0,510.0
2014-04-23,18.25,18.3,18.25,18.25,18.25,0.2,15.0,0.0,465.0
2014-04-22,18.4,18.5,18.05,18.05,18.05,-0.45,37.0,0.0,450.0
2014-04-21,18.6,18.75,18.55,18.6,18.5,-0.35,1.0,0.0,423.0
2014-04-17,0.0,19.05,18.75,0.0,18.85,-0.35,0.0,0.0,424.0
2014-04-16,0.0,0.0,0.0,0.0,22.81,1.36,0.0,0.0,280.0
2014-04-15,21.1,22.55,20.35,21.55,21.45,0.9,61.0,0.0,280.0
2014-04-14,20.7,21.75,20.4,21.7,20.55,-0.5,19.0,0.0,240.0
2014-04-11,19.6,21.2,19.4,20.95,21.05,1.8,141.0,0.0,250.0
2014-04-10,18.15,19.5,17.5,19.05,19.25,1.75,100.0,0.0,110.0
2014-04-09,0.0,18.0,17.5,0.0,17.5,-0.6,0.0,0.0,38.0
2014-04-08,18.65,18.8,18.25,18.3,18.1,-0.6,21.0,0.0,38.0
2014-04-07,0.0,19.05,18.4,0.0,18.7,0.45,0.0,0.0,59.0
2014-04-04,17.25,18.45,17.05,18.25,18.25,1.15,66.0,0.0,59.0
2014-04-03,17.2,17.35,17.0,17.2,17.1,0.1,1.0,0.0,83.0
2014-04-02,16.8,17.0,16.8,16.8,17.0,0.2,1.0,0.0,82.0
2014-04-01,17.3,17.55,16.95,17.25,16.8,-1.1,17.0,0.0,83.0
2014-03-31,17.85,18.05,17.85,18.05,17.9,-0.2,20.0,0.0,77.0
2014-03-28,18.05,18.3,17.95,18.25,18.1,-0.2,81.0,0.0,86.0
2014-03-27,18.35,18.55,18.25,18.4,18.3,0.05,41.0,0.0,15.0
2014-03-26,17.85,18.2,17.75,17.85,18.25,0.55,10.0,0.0,44.0
2014-03-25,17.7,18.05,17.7,17.7,17.7,-0.4,20.0,0.0,34.0
2014-03-24,17.55,18.4,17.55,18.05,18.1,0.35,92.0,0.0,14.0
2014-03-21,17.15,17.6,17.15,17.25,17.75,0.65,2.0,0.0,29.0
2014-03-20,17.3,17.35,17.15,17.3,17.1,-0.1,20.0,0.0,27.0
2014-03-19,0.0,17.6,16.85,0.0,17.2,0.3,0.0,0.0,7.0
2014-03-18,0.0,0.0,0.0,0.0,18.45,0.95,0.0,0.0,53.0
2014-03-17,17.3,17.6,17.2,17.3,17.5,-1.2,7.0,0.0,53.0
2014-03-14,18.15,18.85,17.9,18.4,18.7,1.0,28.0,0.0,53.0
2014-03-13,16.15,17.85,16.15,17.3,17.7,1.4,21.0,0.0,81.0
2014-03-12,16.75,16.9,16.3,16.3,16.3,-0.2,60.0,0.0,102.0
2014-03-11,16.1,16.45,16.05,16.3,16.5,0.1,40.0,0.0,82.0
2014-03-10,0.0,17.0,16.4,0.0,16.4,-0.25,0.0,0.0,82.0
2014-03-07,0.0,16.85,16.25,0.0,16.65,0.55,0.0,0.0,82.0
2014-03-06,16.2,16.3,16.15,16.2,16.1,-0.25,20.0,0.0,82.0
2014-03-05,16.6,16.6,16.45,16.6,16.35,-0.15,20.0,0.0,82.0
2014-03-04,16.6,16.65,16.55,16.6,16.5,-1.15,20.0,0.0,102.0
2014-03-03,17.4,17.75,17.15,17.4,17.65,1.0,81.0,0.0,122.0
2014-02-28,16.2,16.9,16.15,16.2,16.65,0.3,20.0,0.0,122.0
2014-02-27,0.0,16.55,16.25,0.0,16.35,0.0,0.0,0.0,142.0
2014-02-26,16.2,16.45,16.0,16.0,16.35,0.25,40.0,0.0,142.0
2014-02-25,16.2,16.3,16.05,16.2,16.1,0.0,20.0,0.0,142.0
2014-02-24,16.1,16.35,16.1,16.1,16.1,-0.3,20.0,0.0,162.0
2014-02-21,16.0,16.35,16.0,16.05,16.4,0.2,40.0,0.0,142.0
2014-02-20,16.65,16.8,16.3,16.8,16.2,-0.35,40.0,0.0,102.0
2014-02-19,0.0,0.0,0.0,0.0,16.37,0.92,0.0,0.0,28.0
2014-02-18,15.55,15.7,15.35,15.35,15.45,-0.1,39.0,0.0,28.0
2014-02-14,0.0,15.95,15.7,0.0,15.55,-0.4,0.0,0.0,60.0
2014-02-13,0.0,16.2,15.95,0.0,15.95,0.05,0.0,0.0,60.0
2014-02-12,0.0,16.1,15.95,0.0,15.9,-0.45,0.0,0.0,60.0
2014-02-11,0.0,16.7,16.2,0.0,16.35,-0.4,0.0,0.0,60.0
2014-02-10,16.8,16.9,16.65,16.8,16.75,-0.05,14.0,0.0,60.0
2014-02-07,0.0,17.55,16.6,0.0,16.8,-1.45,0.0,0.0,67.0
2014-02-06,18.9,19.65,18.2,18.7,18.25,-1.95,60.0,0.0,67.0
2014-02-05,19.8,20.5,19.6,19.8,20.2,0.55,10.0,0.0,7.0
2014-02-04,18.95,19.5,18.9,19.15,19.65,0.0,50.0,0.0,17.0
2014-02-03,18.8,19.55,18.3,19.35,19.65,1.3,46.0,0.0,47.0
2014-01-31,0.0,18.35,17.7,0.0,18.35,0.8,0.0,0.0,13.0
2014-01-30,17.05,17.35,16.7,17.0,17.55,0.1,40.0,0.0,13.0
2014-01-29,0.0,17.65,16.9,0.0,17.45,0.8,0.0,0.0,53.0
2014-01-28,16.9,17.15,16.7,16.9,16.65,-0.6,20.0,0.0,53.0
2014-01-27,0.0,18.05,16.55,0.0,17.25,0.2,0.0,0.0,33.0
2014-01-24,15.95,16.95,15.95,16.15,17.05,1.6,28.0,0.0,33.0
2014-01-23,15.6,15.75,15.35,15.35,15.45,0.3,28.0,0.0,40.0
2014-01-22,0.0,0.0,0.0,0.0,14.22,-0.58,0.0,0.0,2.0
2014-01-21,14.7,14.9,14.6,14.6,14.8,-0.15,46.0,0.0,2.0
2014-01-17,14.75,15.05,14.75,15.05,14.95,0.1,12.0,0.0,47.0
2014-01-16,14.75,14.75,14.4,14.7,14.85,0.25,30.0,0.0,52.0
2014-01-15,14.4,14.45,14.4,14.4,14.6,0.1,5.0,0.0,22.0
2014-01-14,14.45,15.25,14.4,14.5,14.5,-1.0,74.0,0.0,17.0
2014-01-13,14.9,15.65,14.6,14.9,15.5,0.5,20.0,0.0,91.0
2014-01-10,15.15,15.4,15.1,15.15,15.0,-0.6,20.0,0.0,111.0
2014-01-09,15.4,15.55,15.4,15.4,15.6,0.2,21.0,0.0,131.0
2014-01-08,15.65,15.65,15.45,15.45,15.4,-0.15,80.0,0.0,152.0
2014-01-07,15.55,15.65,15.55,15.55,15.55,-0.35,20.0,0.0,212.0
2014-01-06,16.05,16.05,15.7,15.7,15.9,0.0,34.0,0.0,212.0
2014-01-03,16.0,16.0,15.8,16.0,15.9,0.1,20.0,0.0,219.0
2014-01-02,15.75,16.0,15.75,16.0,15.8,0.15,55.0,0.0,219.0
2013-12-31,15.5,15.6,15.4,15.5,15.65,0.25,20.0,0.0,212.0
2013-12-30,15.3,15.4,15.3,15.3,15.4,0.1,20.0,0.0,212.0
2013-12-27,15.0,15.3,15.0,15.0,15.3,0.25,1.0,0.0,232.0
2013-12-26,0.0,15.0,14.9,0.0,15.05,0.2,0.0,0.0,232.0
2013-12-24,0.0,15.25,14.9,0.0,14.85,-0.5,0.0,0.0,232.0
2013-12-23,0.0,15.6,15.4,0.0,15.35,-0.6,0.0,0.0,232.0
2013-12-20,0.0,15.85,15.75,0.0,15.95,0.0,0.0,0.0,232.0
2013-12-19,0.0,15.9,15.8,0.0,15.95,0.1,0.0,0.0,232.0
2013-12-18,0.0,0.0,0.0,0.0,16.42,-0.73,0.0,0.0,19.0
2013-12-17,0.0,17.15,16.65,0.0,17.15,0.35,0.0,0.0,19.0
2013-12-16,16.25,16.7,16.15,16.55,16.8,0.3,71.0,0.0,19.0
2013-12-13,16.5,16.5,16.2,16.45,16.5,0.15,34.0,0.0,27.0
2013-12-12,16.0,16.65,15.85,16.3,16.35,0.45,94.0,0.0,30.0
2013-12-11,15.65,15.85,15.0,15.75,15.9,1.0,74.0,0.0,97.0
2013-12-10,15.0,15.0,14.9,14.9,14.9,0.0,54.0,0.0,97.0
2013-12-09,14.9,15.0,14.8,14.9,14.9,-0.25,14.0,0.0,90.0
2013-12-06,15.25,15.25,15.15,15.25,15.15,-0.3,14.0,0.0,97.0
2013-12-05,15.2,15.5,14.95,15.4,15.45,0.35,54.0,0.0,90.0
2013-12-04,0.0,15.75,15.15,0.0,15.1,-0.3,0.0,0.0,137.0
2013-12-03,15.25,15.75,15.25,15.65,15.4,0.25,40.0,0.0,137.0
2013-12-02,15.0,15.15,14.8,15.0,15.15,0.4,20.0,0.0,137.0
2013-11-29,14.65,14.65,14.65,14.65,14.75,0.1,10.0,0.0,157.0
2013-11-27,14.6,14.6,14.6,14.6,14.65,-0.1,10.0,0.0,157.0
2013-11-26,0.0,14.7,14.75,0.0,14.75,0.0,0.0,0.0,147.0
2013-11-25,14.75,14.85,14.7,14.85,14.75,-0.1,45.0,0.0,147.0
2013-11-22,0.0,14.75,14.85,0.0,14.85,-0.05,0.0,0.0,147.0
2013-11-21,0.0,15.1,15.0,0.0,14.9,-0.5,0.0,0.0,147.0
2013-11-20,0.0,0.0,0.0,0.0,14.32,-0.38,0.0,0.0,60.0
2013-11-19,14.6,14.65,14.45,14.65,14.7,0.1,60.0,0.0,60.0
2013-11-18,14.05,14.45,14.0,14.05,14.6,0.55,7.0,0.0,60.0
2013-11-15,14.05,14.15,14.05,14.05,14.05,-0.15,20.0,0.0,67.0
2013-11-14,0.0,14.5,14.2,0.0,14.2,-0.3,0.0,0.0,47.0
2013-11-13,14.6,14.9,14.6,14.6,14.5,-0.3,1.0,0.0,47.0
2013-11-12,14.65,14.85,14.6,14.8,14.8,0.1,11.0,0.0,48.0
2013-11-11,15.05,15.25,14.85,15.0,14.7,-0.55,40.0,0.0,57.0
2013-11-08,0.0,15.55,15.2,0.0,15.25,-0.6,0.0,0.0,17.0
2013-11-07,15.4,15.8,15.25,15.4,15.85,0.6,1.0,0.0,17.0
2013-11-06,15.15,15.15,15.15,15.15,15.25,-0.05,15.0,0.0,18.0
2013-11-05,0.0,15.4,15.25,0.0,15.3,-0.1,0.0,0.0,13.0
2013-11-04,0.0,15.75,15.5,0.0,15.4,-0.5,0.0,0.0,13.0
2013-11-01,0.0,15.8,15.7,0.0,15.9,0.1,0.0,0.0,13.0
2013-10-31,0.0,15.85,15.6,0.0,15.8,0.05,0.0,0.0,13.0
2013-10-30,15.75,16.0,15.75,15.85,15.75,-0.1,46.0,0.0,13.0
2013-10-29,16.05,16.1,15.95,16.05,15.85,-0.15,5.0,0.0,57.0
2013-10-28,16.15,16.15,16.1,16.1,16.0,0.05,40.0,0.0,52.0
2013-10-25,15.95,16.05,15.95,15.95,15.95,0.1,20.0,0.0,12.0
2013-10-24,0.0,16.2,15.95,0.0,15.85,-0.35,0.0,0.0,32.0
2013-10-23,16.25,16.55,16.25,16.45,16.2,0.2,40.0,0.0,32.0
2013-10-22,15.9,16.05,15.6,15.9,16.0,0.2,20.0,0.0,32.0
2013-10-21,15.9,15.95,15.6,15.9,15.8,0.1,10.0,0.0,12.0
2013-10-18,0.0,15.95,15.65,0.0,15.7,-0.4,0.0,0.0,22.0
2013-10-17,16.6,16.9,16.2,16.5,16.1,-0.75,57.0,0.0,22.0
2013-10-16,0.0,0.0,0.0,0.0,18.57,-0.38,0.0,0.0,1.0
2013-10-15,0.0,18.9,16.75,0.0,18.95,2.35,0.0,0.0,1.0
2013-10-14,17.4,17.55,16.55,17.3,16.6,0.25,30.0,0.0,1.0
2013-10-11,16.65,16.7,16.25,16.35,16.35,-0.95,30.0,0.0,31.0
2013-10-10,17.95,17.95,17.2,17.55,17.3,-2.2,40.0,0.0,31.0
2013-10-09,20.2,20.85,19.15,20.2,19.5,-0.45,15.0,0.0,10.0
2013-10-08,20.25,20.35,18.75,20.25,19.95,1.1,1.0,0.0,25.0
2013-10-07,18.15,18.75,17.95,18.05,18.85,1.65,20.0,0.0,25.0
2013-10-04,17.85,17.85,17.3,17.6,17.2,-0.5,30.0,0.0,45.0
2013-10-03,17.6,18.25,16.7,17.6,17.7,1.3,1.0,0.0,45.0
2013-10-02,0.0,16.45,16.35,0.0,16.4,0.4,0.0,0.0,45.0
2013-10-01,16.6,16.6,16.1,16.6,16.0,-0.65,1.0,0.0,45.0
2013-09-30,16.75,16.75,16.3,16.75,16.65,0.75,23.0,0.0,45.0
2013-09-27,0.0,15.95,15.6,0.0,15.9,0.55,0.0,0.0,53.0
2013-09-26,15.45,15.45,15.3,15.4,15.35,-0.2,30.0,0.0,53.0
2013-09-25,15.6,15.7,15.5,15.5,15.55,-0.05,30.0,0.0,53.0
2013-09-24,15.5,15.65,15.5,15.5,15.6,-0.25,15.0,0.0,53.0
2013-09-23,15.5,15.9,15.5,15.8,15.85,0.15,45.0,0.0,53.0
2013-09-20,15.6,15.65,15.45,15.6,15.7,0.2,15.0,0.0,53.0
2013-09-19,0.0,15.65,15.5,0.0,15.5,-0.15,0.0,0.0,53.0
2013-09-18,0.0,0.0,0.0,0.0,15.08,-0.27,0.0,0.0,60.0
2013-09-17,15.55,15.55,15.35,15.35,15.35,-0.35,11.0,0.0,60.0
2013-09-16,0.0,15.6,15.25,0.0,15.7,0.15,0.0,0.0,70.0
2013-09-13,0.0,15.85,15.5,0.0,15.55,-0.05,0.0,0.0,70.0
2013-09-12,15.3,15.55,15.25,15.3,15.6,0.15,10.0,0.0,70.0
2013-09-11,0.0,16.1,15.55,0.0,15.45,-0.6,0.0,0.0,60.0
2013-09-10,0.0,16.1,16.05,0.0,16.05,-0.6,0.0,0.0,60.0
2013-09-09,0.0,17.0,16.5,0.0,16.65,-0.6,0.0,0.0,60.0
2013-09-06,0.0,17.8,16.95,0.0,17.25,0.05,0.0,0.0,60.0
2013-09-05,0.0,17.5,17.25,0.0,17.2,-0.4,0.0,0.0,60.0
2013-09-04,17.6,17.7,17.5,17.55,17.6,-0.2,31.0,0.0,60.0
2013-09-03,17.95,18.1,17.45,17.75,17.8,-0.4,30.0,0.0,66.0
2013-08-30,18.05,18.55,17.9,18.05,18.2,0.2,1.0,0.0,59.0
2013-08-29,0.0,17.9,17.5,0.0,18.0,0.15,0.0,0.0,59.0
2013-08-28,0.0,17.75,17.4,0.0,17.85,0.2,0.0,0.0,59.0
2013-08-27,0.0,17.6,17.05,0.0,17.65,1.25,0.0,0.0,59.0
2013-08-26,0.0,16.25,15.6,0.0,16.4,0.55,0.0,0.0,59.0
2013-08-23,15.9,15.95,15.85,15.9,15.85,-0.15,14.0,0.0,59.0
2013-08-22,16.0,16.2,16.0,16.2,16.0,-0.6,23.0,0.0,73.0
2013-08-21,0.0,0.0,0.0,0.0,15.86,0.51,0.0,0.0,45.0
2013-08-20,0.0,15.4,15.0,0.0,15.35,-0.05,0.0,0.0,45.0
2013-08-19,0.0,15.35,14.75,0.0,15.4,0.4,0.0,0.0,45.0
2013-08-16,0.0,15.05,14.7,0.0,15.0,0.2,0.0,0.0,45.0
2013-08-15,14.75,14.9,14.45,14.75,14.8,1.0,50.0,0.0,45.0
2013-08-14,13.6,13.7,13.6,13.6,13.8,0.2,10.0,0.0,95.0
2013-08-13,0.0,14.0,13.6,0.0,13.6,-0.25,0.0,0.0,85.0
2013-08-12,0.0,14.25,13.95,0.0,13.85,-0.3,0.0,0.0,85.0
2013-08-09,0.0,14.15,13.8,0.0,14.15,0.25,0.0,0.0,85.0
2013-08-08,0.0,14.15,13.9,0.0,13.9,-0.2,0.0,0.0,85.0
2013-08-07,0.0,14.55,14.1,0.0,14.1,0.0,0.0,0.0,85.0
2013-08-06,0.0,14.2,13.85,0.0,14.1,0.4,0.0,0.0,85.0
2013-08-05,0.0,13.75,13.75,0.0,13.7,-0.05,0.0,0.0,85.0
2013-08-02,0.0,14.05,13.85,0.0,13.75,-0.6,0.0,0.0,85.0
2013-08-01,14.4,14.5,14.3,14.5,14.35,-0.15,30.0,0.0,85.0
2013-07-31,14.6,14.7,14.4,14.6,14.5,-0.2,1.0,0.0,85.0
2013-07-30,0.0,15.05,14.7,0.0,14.7,-0.3,0.0,0.0,85.0
2013-07-29,15.0,15.0,14.9,15.0,15.0,0.0,10.0,0.0,85.0
2013-07-26,15.15,15.4,15.05,15.15,15.0,-0.15,10.0,0.0,75.0
2013-07-25,0.0,15.4,15.2,0.0,15.15,-0.3,0.0,0.0,65.0
2013-07-24,0.0,15.6,15.5,0.0,15.45,-0.2,0.0,0.0,65.0
2013-07-23,0.0,15.75,15.5,0.0,15.65,0.0,0.0,0.0,65.0
2013-07-22,16.1,16.1,15.75,15.85,15.65,-0.45,60.0,0.0,65.0
2013-07-19,16.4,16.55,16.15,16.15,16.1,-0.3,14.0,0.0,25.0
2013-07-18,16.2,16.25,16.0,16.05,16.4,0.15,13.0,0.0,12.0
2013-07-17,0.0,0.0,0.0,0.0,14.33,-0.07,0.0,0.0,0.0
2013-07-16,0.0,14.55,14.2,0.0,14.4,0.05,0.0,0.0,0.0
2013-07-15,14.65,14.65,14.35,14.65,14.35,-0.4,1.0,0.0,0.0
2013-07-12,14.7,14.8,14.55,14.7,14.75,0.2,1.0,0.0,1.0
2013-07-11,0.0,14.75,14.4,0.0,14.55,-0.5,0.0,0.0,2.0
2013-07-10,0.0,15.3,15.1,0.0,15.05,-0.4,0.0,0.0,2.0
2013-07-09,15.5,15.6,15.45,15.5,15.45,-0.35,1.0,0.0,3.0
2013-07-08,16.0,16.0,15.85,16.0,15.8,-0.4,1.0,0.0,3.0
2013-07-05,16.9,17.1,16.3,17.1,16.2,-1.05,30.0,0.0,4.0
2013-07-03,0.0,17.85,17.35,0.0,17.25,-0.45,0.0,0.0,4.0
2013-07-02,0.0,18.05,17.4,0.0,17.7,-0.05,0.0,0.0,4.0
2013-07-01,0.0,17.8,17.45,0.0,17.75,-0.6,0.0,0.0,4.0
2013-06-28,0.0,18.9,18.1,0.0,18.35,-0.35,0.0,0.0,4.0
2013-06-27,0.0,19.15,18.65,0.0,18.7,-0.75,0.0,0.0,4.0
2013-06-26,0.0,19.7,19.35,0.0,19.45,-0.55,0.0,0.0,4.0
2013-06-25,0.0,20.1,19.85,0.0,20.0,-0.45,0.0,0.0,4.0
2013-06-24,0.0,20.55,19.95,0.0,20.45,1.1,0.0,0.0,4.0
2013-06-21,19.25,20.05,19.15,19.4,19.35,-0.3,64.0,0.0,4.0
2013-06-20,0.0,19.85,18.7,0.0,19.65,1.7,0.0,0.0,4.0
2013-06-19,0.0,0.0,0.0,0.0,16.47,-0.43,0.0,0.0,10.0
2013-06-18,0.0,16.95,16.8,0.0,16.9,-0.25,0.0,0.0,10.0
2013-06-17,0.0,17.5,16.95,0.0,17.15,-0.75,0.0,0.0,10.0
2013-06-14,0.0,17.95,17.15,0.0,17.9,0.5,0.0,0.0,10.0
2013-06-13,18.25,18.5,17.4,18.1,17.4,-0.95,35.0,0.0,10.0
2013-06-12,17.65,18.5,16.8,17.7,18.35,1.25,25.0,0.0,30.0
2013-06-11,0.0,17.35,16.6,0.0,17.1,0.9,0.0,0.0,20.0
2013-06-10,16.2,16.3,16.0,16.0,16.2,-0.2,20.0,0.0,20.0
2013-06-07,0.0,16.85,16.4,0.0,16.4,-0.6,0.0,0.0,0.0
2013-06-06,17.55,17.85,17.2,17.6,17.0,-0.3,30.0,0.0,30.0
2013-06-05,16.7,17.25,16.7,17.25,17.3,0.75,40.0,0.0,30.0
2013-06-04,16.3,16.8,16.3,16.75,16.55,0.1,60.0,0.0,10.0
2013-06-03,17.25,17.25,16.3,17.25,16.45,0.1,10.0,0.0,10.0
2013-05-31,16.0,16.2,15.8,16.0,16.35,0.45,55.0,0.0,20.0
2013-05-30,16.05,16.15,15.95,16.15,15.9,-0.1,55.0,0.0,15.0
2013-05-29,16.1,16.35,16.0,16.35,16.0,0.0,30.0,0.0,30.0
2013-05-28,15.9,16.1,15.9,15.95,16.0,-0.45,30.0,0.0,0.0
2013-05-24,0.0,16.75,16.55,0.0,16.45,-0.05,0.0,0.0,30.0
2013-05-23,16.45,16.95,16.45,16.45,16.5,0.25,15.0,0.0,30.0
2013-05-22,0.0,0.0,0.0,0.0,14.24,-0.36,0.0,0.0,1.0
2013-05-21,0.0,14.5,14.3,0.0,14.6,0.15,0.0,0.0,1.0
2013-05-20,0.0,14.55,14.45,0.0,14.45,0.05,0.0,0.0,1.0
2013-05-17,0.0,14.9,14.3,0.0,14.4,-0.6,0.0,0.0,1.0
2013-05-16,14.85,15.2,14.85,14.85,15.0,-0.05,1.0,0.0,1.0
2013-05-15,15.4,15.5,15.05,15.05,15.05,-0.25,17.0,0.0,2.0
2013-05-14,15.6,15.6,15.35,15.35,15.3,-0.05,16.0,0.0,19.0
2013-05-13,0.0,15.35,15.4,0.0,15.35,-0.05,0.0,0.0,4.0
2013-05-10,15.5,15.8,15.5,15.6,15.4,-0.2,3.0,0.0,4.0
2013-05-09,15.8,15.8,15.55,15.8,15.6,0.05,1.0,0.0,4.0
2013-05-08,0.0,15.55,15.4,0.0,15.55,0.2,0.0,0.0,5.0
2013-05-07,0.0,15.55,15.35,0.0,15.35,-0.05,0.0,0.0,5.0
2013-05-06,0.0,15.55,15.45,0.0,15.4,-0.3,0.0,0.0,5.0
2013-05-03,15.6,15.7,15.6,15.6,15.7,-0.2,2.0,0.0,5.0
2013-05-02,16.25,16.25,15.9,16.1,15.9,-0.55,2.0,0.0,3.0
2013-05-01,0.0,16.5,15.95,0.0,16.45,0.6,0.0,0.0,3.0
2013-04-30,16.05,16.15,15.9,16.15,15.85,-0.25,2.0,0.0,3.0
2013-04-29,15.95,16.05,15.8,15.8,16.1,-0.1,2.0,0.0,5.0
2013-04-26,0.0,16.6,16.25,0.0,16.2,-0.1,0.0,0.0,5.0
2013-04-25,15.9,16.4,15.9,15.9,16.3,0.25,1.0,0.0,5.0
2013-04-24,0.0,16.1,15.9,0.0,16.05,0.0,0.0,0.0,6.0
2013-04-23,16.15,17.35,16.0,16.0,16.05,-0.75,4.0,0.0,6.0
2013-04-22,0.0,17.45,16.6,0.0,16.8,-0.45,0.0,0.0,4.0
2013-04-19,0.0,18.2,17.1,0.0,17.25,-1.1,0.0,0.0,4.0
2013-04-18,18.3,18.55,17.35,18.45,18.35,0.9,5.0,0.0,4.0
2013-04-17,0.0,0.0,0.0,0.0,16.65,1.25,0.0,0.0,2.0
2013-04-16,15.25,16.1,15.2,15.25,15.4,-1.9,10.0,0.0,2.0
2013-04-15,15.6,17.4,14.25,15.6,17.3,3.15,1.0,0.0,12.0
2013-04-12,14.6,14.8,14.25,14.6,14.15,-0.45,1.0,0.0,13.0
2013-04-11,0.0,14.65,14.35,0.0,14.6,0.25,0.0,0.0,13.0
2013-04-10,0.0,14.6,14.3,0.0,14.35,-0.6,0.0,0.0,13.0
2013-04-09,14.85,15.35,14.8,14.85,14.95,-0.4,1.0,0.0,13.0
2013-04-08,15.5,15.75,15.4,15.5,15.35,-0.3,10.0,0.0,13.0
2013-04-05,16.4,16.6,15.85,16.45,15.65,0.2,51.0,0.0,3.0
2013-04-04,0.0,16.05,15.5,0.0,15.45,-0.2,0.0,0.0,52.0
2013-04-03,0.0,15.65,14.9,0.0,15.65,0.75,0.0,0.0,52.0
2013-04-02,15.0,15.0,14.95,15.0,14.9,-0.5,1.0,0.0,52.0
2013-04-01,15.45,15.55,15.25,15.4,15.4,0.2,20.0,0.0,52.0
2013-03-28,0.0,15.4,15.25,0.0,15.2,-0.15,0.0,0.0,32.0
2013-03-27,0.0,15.65,15.3,0.0,15.35,0.1,0.0,0.0,32.0
2013-03-26,0.0,15.5,15.3,0.0,15.25,-0.4,0.0,0.0,32.0
2013-03-25,15.85,15.9,15.25,15.8,15.65,0.05,11.0,0.0,32.0
2013-03-22,15.7,15.85,15.7,15.85,15.6,-0.35,21.0,0.0,21.0
2013-03-21,0.0,15.95,15.6,0.0,15.95,0.3,0.0,0.0,3.0
2013-03-20,0.0,0.0,0.0,0.0,13.88,-1.22,0.0,0.0,112.0
2013-03-19,0.0,15.8,14.1,0.0,15.1,0.7,0.0,0.0,112.0
2013-03-18,0.0,14.75,13.8,0.0,14.4,0.85,0.0,0.0,112.0
2013-03-15,13.65,14.05,13.45,13.5,13.55,-0.05,40.0,0.0,112.0
2013-03-14,13.9,14.0,13.65,13.65,13.6,-0.75,40.0,0.0,72.0
2013-03-13,14.35,14.75,14.35,14.35,14.35,-0.05,10.0,0.0,32.0
2013-03-12,0.0,14.95,14.3,0.0,14.4,0.15,0.0,0.0,22.0
2013-03-11,14.8,14.9,14.3,14.75,14.25,-0.9,20.0,0.0,22.0
2013-03-08,0.0,15.65,15.0,0.0,15.15,-0.25,0.0,0.0,2.0
2013-03-07,0.0,15.8,15.5,0.0,15.4,-0.5,0.0,0.0,2.0
2013-03-06,0.0,16.1,15.65,0.0,15.9,0.25,0.0,0.0,2.0
2013-03-05,0.0,15.95,15.75,0.0,15.65,-0.6,0.0,0.0,2.0
2013-03-04,0.0,17.35,16.4,0.0,16.25,-1.15,0.0,0.0,2.0
2013-03-01,0.0,18.25,17.2,0.0,17.4,0.1,0.0,0.0,2.0
2013-02-28,0.0,17.25,16.45,0.0,17.3,0.45,0.0,0.0,2.0
2013-02-27,0.0,17.95,16.5,0.0,16.85,-1.3,0.0,0.0,2.0
2013-02-26,18.85,18.9,17.7,18.9,18.15,0.05,20.0,0.0,2.0
2013-02-25,15.65,18.25,15.6,15.6,18.1,1.75,20.0,0.0,22.0
2013-02-22,0.0,16.65,16.35,0.0,16.35,-0.3,0.0,0.0,2.0
2013-02-21,0.0,17.15,16.35,0.0,16.65,0.15,0.0,0.0,2.0
2013-02-20,0.0,16.45,15.3,0.0,16.5,1.35,0.0,0.0,2.0
2013-02-19,0.0,15.45,15.25,0.0,15.15,-0.45,0.0,0.0,2.0
2013-02-15,0.0,15.85,15.65,0.0,15.6,-0.15,0.0,0.0,2.0
2013-02-14,0.0,16.15,15.8,0.0,15.75,-0.25,0.0,0.0,2.0
2013-02-13,0.0,0.0,0.0,0.0,15.91,1.61,0.0,0.0,61.0
2013-02-12,0.0,14.65,14.35,0.0,14.3,-0.35,0.0,0.0,61.0
2013-02-11,14.8,14.85,14.7,14.8,14.65,-0.2,1.0,0.0,61.0
2013-02-08,0.0,14.9,14.7,0.0,14.85,-0.4,0.0,0.0,61.0
2013-02-07,0.0,16.0,15.3,0.0,15.25,-0.2,0.0,0.0,61.0
2013-02-06,0.0,15.8,15.5,0.0,15.45,0.1,0.0,0.0,61.0
2013-02-05,15.7,16.05,15.2,15.45,15.35,-0.9,11.0,0.0,61.0
2013-02-04,16.0,16.25,15.25,16.0,16.25,1.1,10.0,0.0,51.0
2013-02-01,0.0,15.2,14.95,0.0,15.15,-0.55,0.0,0.0,41.0
2013-01-31,15.85,15.85,15.45,15.85,15.7,-0.05,1.0,0.0,41.0
2013-01-30,15.55,15.8,15.25,15.4,15.75,0.5,74.0,0.0,41.0
2013-01-29,0.0,16.0,15.15,0.0,15.25,-0.55,0.0,0.0,2.0
2013-01-28,15.8,15.9,15.5,15.9,15.8,0.35,2.0,0.0,2.0
2013-01-25,15.6,15.6,15.4,15.6,15.45,0.05,3.0,0.0,1.0
2013-01-24,15.45,16.2,15.4,16.15,15.4,0.1,4.0,0.0,4.0
2013-01-23,15.65,15.7,15.35,15.45,15.3,-0.55,6.0,0.0,4.0
2013-01-22,0.0,16.55,15.85,0.0,15.85,-0.45,0.0,0.0,2.0
2013-01-18,0.0,17.3,16.25,0.0,16.3,-1.1,0.0,0.0,2.0
2013-01-17,0.0,17.4,17.2,0.0,17.4,-0.15,0.0,0.0,2.0
2013-01-16,0.0,0.0,0.0,0.0,15.91,-0.64,0.0,0.0,0.0
2013-01-15,0.0,16.95,16.6,0.0,16.55,-0.15,0.0,0.0,0.0
2013-01-14,0.0,16.95,16.65,0.0,16.7,0.05,0.0,0.0,0.0
2013-01-11,0.0,16.85,16.7,0.0,16.65,0.05,0.0,0.0,0.0
2013-01-10,0.0,17.1,16.7,0.0,16.6,-0.5,0.0,0.0,0.0
2013-01-09,0.0,17.25,17.1,0.0,17.1,-0.05,0.0,0.0,0.0
2013-01-08,0.0,17.55,17.15,0.0,17.15,-0.2,0.0,0.0,0.0
2013-01-07,0.0,17.95,17.4,0.0,17.35,-0.6,0.0,0.0,0.0
2013-01-04,0.0,18.1,17.75,0.0,17.95,-0.2,0.0,0.0,0.0
2013-01-03,0.0,18.2,17.65,0.0,18.15,0.55,0.0,0.0,0.0
2013-01-02,0.0,18.65,17.6,0.0,17.6,-2.3,0.0,0.0,0.0
2012-12-31,21.85,22.95,20.0,21.75,19.9,-3.6,2.0,0.0,2.0
2012-12-28,0.0,23.45,21.45,0.0,23.5,2.35,0.0,0.0,2.0
2012-12-27,22.05,22.3,21.15,22.05,21.15,-0.45,1.0,0.0,2.0
2012-12-26,0.0,21.6,21.0,0.0,21.6,0.65,0.0,0.0,3.0
2012-12-24,0.0,20.85,20.6,0.0,20.95,0.4,0.0,0.0,3.0
2012-12-21,0.0,21.0,20.4,0.0,20.55,0.8,0.0,0.0,3.0
2012-12-20,0.0,19.75,19.35,0.0,19.75,0.15,0.0,0.0,3.0
2012-12-19,0.0,0.0,0.0,0.0,18.82,0.12,0.0,0.0,0.0
2012-12-18,18.6,19.3,18.6,18.6,18.7,-0.95,1.0,0.0,1.0
2012-12-17,20.35,20.55,19.75,20.35,19.65,-0.5,1.0,0.0,1.0
2012-12-14,19.85,20.4,19.6,20.2,20.15,0.8,20.0,0.0,10.0
2012-12-13,18.55,19.35,18.55,18.55,19.35,0.75,10.0,0.0,10.0
2012-12-12,18.05,18.4,17.95,18.05,18.6,0.65,10.0,0.0,10.0
2012-12-11,0.0,18.25,17.85,0.0,17.95,-0.45,0.0,0.0,0.0
2012-12-10,0.0,18.45,18.15,0.0,18.4,0.05,0.0,0.0,0.0
2012-12-07,18.45,18.55,18.05,18.45,18.35,-0.1,10.0,0.0,10.0
2012-12-06,18.35,18.6,18.05,18.1,18.45,0.4,40.0,0.0,10.0
2012-12-05,0.0,18.35,17.75,0.0,18.05,0.3,0.0,0.0,50.0
2012-12-04,0.0,17.85,17.45,0.0,17.75,0.15,0.0,0.0,50.0
2012-12-03,17.2,17.5,16.65,17.5,17.6,0.75,40.0,0.0,50.0
2012-11-30,16.95,17.05,16.7,17.05,16.85,0.15,20.0,0.0,90.0
2012-11-29,0.0,16.95,16.7,0.0,16.7,-0.2,0.0,0.0,110.0
2012-11-28,17.45,17.7,17.05,17.5,16.9,-0.45,20.0,0.0,110.0
2012-11-27,0.0,17.2,16.85,0.0,17.35,0.35,0.0,0.0,130.0
2012-11-26,0.0,17.35,17.05,0.0,17.0,-0.5,0.0,0.0,130.0
2012-11-23,0.0,17.55,17.3,0.0,17.5,-0.35,0.0,0.0,130.0
2012-11-21,0.0,0.0,0.0,0.0,16.18,-0.52,0.0,0.0,31.0
2012-11-20,0.0,16.9,16.45,0.0,16.7,0.35,0.0,0.0,31.0
2012-11-19,16.95,17.25,16.45,16.9,16.35,-1.8,20.0,0.0,31.0
2012-11-16,0.0,20.0,18.25,0.0,18.15,-1.3,0.0,0.0,11.0
2012-11-15,0.0,19.85,18.8,0.0,19.45,0.25,0.0,0.0,11.0
2012-11-14,0.0,19.45,18.15,0.0,19.2,0.55,0.0,0.0,11.0
2012-11-13,18.45,19.3,18.45,18.45,18.65,-0.15,1.0,0.0,11.0
2012-11-12,0.0,19.65,18.75,0.0,18.8,-1.3,0.0,0.0,10.0
2012-11-09,0.0,20.45,19.55,0.0,20.1,-0.25,0.0,0.0,10.0
2012-11-08,0.0,20.7,19.9,0.0,20.35,0.1,0.0,0.0,10.0
2012-11-07,0.0,20.5,18.95,0.0,20.25,1.45,0.0,0.0,10.0
2012-11-06,0.0,19.25,18.7,0.0,18.8,-0.8,0.0,0.0,10.0
2012-11-05,0.0,19.8,19.15,0.0,19.6,0.25,0.0,0.0,10.0
2012-11-02,0.0,19.1,18.2,0.0,19.35,0.95,0.0,0.0,10.0
2012-11-01,0.0,19.8,18.5,0.0,18.4,-2.25,0.0,0.0,10.0
2012-10-31,19.9,20.75,19.9,19.9,20.65,0.7,1.0,0.0,10.0
2012-10-26,0.0,20.6,19.95,0.0,19.95,-0.45,0.0,0.0,11.0
2012-10-25,0.0,20.75,20.35,0.0,20.4,-0.45,0.0,0.0,11.0
2012-10-24,20.65,20.9,20.65,20.8,20.85,-0.05,21.0,0.0,11.0
2012-10-23,20.7,20.8,20.15,20.55,20.9,1.4,10.0,0.0,30.0
2012-10-22,0.0,20.1,19.7,0.0,19.5,-0.45,0.0,0.0,30.0
2012-10-19,0.0,20.0,18.95,0.0,19.95,1.0,0.0,0.0,30.0
2012-10-18,0.0,18.95,18.45,0.0,18.95,0.55,0.0,0.0,30.0
2012-10-17,0.0,0.0,0.0,0.0,17.31,0.01,0.0,0.0,18.0
2012-10-16,17.4,17.4,17.05,17.05,17.3,-0.5,35.0,0.0,18.0
2012-10-15,18.05,18.05,18.05,18.05,17.8,-0.8,5.0,0.0,30.0
2012-10-12,0.0,0.0,0.0,0.0,18.6,0.3,0.0,0.0,30.0
2012-10-11,0.0,0.0,0.0,0.0,18.3,-0.3,0.0,0.0,30.0
2012-10-10,0.0,0.0,0.0,0.0,18.6,-0.3,0.0,0.0,30.0
2012-10-09,18.0,18.3,18.0,18.3,18.9,1.1,20.0,0.0,30.0
2012-10-08,0.0,0.0,0.0,0.0,17.8,0.35,0.0,0.0,30.0
2012-10-05,0.0,0.0,0.0,0.0,17.45,0.15,0.0,0.0,30.0
2012-10-04,17.7,17.7,17.5,17.5,17.3,-0.45,40.0,0.0,30.0
2012-10-03,0.0,0.0,0.0,0.0,17.75,-0.1,0.0,0.0,30.0
2012-10-02,0.0,0.0,0.0,0.0,17.85,-0.4,0.0,0.0,30.0
2012-10-01,17.5,18.3,17.5,18.2,18.25,0.2,40.0,0.0,30.0
2012-09-28,17.95,17.95,17.8,17.8,18.05,0.45,50.0,0.0,10.0
2012-09-27,17.9,17.9,17.4,17.4,17.6,-1.5,50.0,0.0,60.0
2012-09-26,18.8,18.8,18.8,18.8,19.1,0.95,40.0,0.0,110.0
2012-09-25,16.95,16.95,16.9,16.9,18.15,1.15,40.0,0.0,150.0
2012-09-24,0.0,0.0,0.0,0.0,17.0,0.2,0.0,0.0,150.0
2012-09-21,16.9,16.9,16.5,16.5,16.8,-0.25,50.0,0.0,150.0
2012-09-20,17.5,17.5,17.15,17.15,17.05,0.0,110.0,0.0,150.0
2012-09-19,0.0,0.0,0.0,0.0,15.11,-0.19,0.0,0.0,1.0
2012-09-18,15.65,15.65,15.5,15.5,15.3,-0.75,3.0,0.0,1.0
2012-09-17,0.0,0.0,0.0,0.0,16.05,-0.85,0.0,0.0,2.0
2012-09-14,0.0,0.0,0.0,0.0,16.9,0.45,0.0,0.0,2.0
2012-09-13,0.0,0.0,0.0,0.0,16.45,-0.65,0.0,0.0,2.0
2012-09-12,0.0,0.0,0.0,0.0,17.1,-0.9,0.0,0.0,2.0
2012-09-11,0.0,0.0,0.0,0.0,18.0,0.1,0.0,0.0,2.0
2012-09-10,16.4,16.4,16.4,16.4,17.9,1.3,10.0,0.0,2.0
2012-09-07,16.75,16.75,16.7,16.7,16.6,-0.7,21.0,0.0,32.0
2012-09-06,17.75,17.75,17.75,17.75,17.3,-2.1,20.0,0.0,52.0
2012-09-05,19.35,19.65,19.35,19.45,19.4,-0.45,23.0,0.0,72.0
2012-09-04,0.0,0.0,0.0,0.0,19.85,-0.25,0.0,0.0,71.0
2012-08-31,0.0,0.0,0.0,0.0,20.1,-0.95,0.0,0.0,72.0
2012-08-30,0.0,0.0,0.0,0.0,21.05,0.65,0.0,0.0,72.0
2012-08-29,0.0,0.0,0.0,0.0,20.4,0.25,0.0,0.0,72.0
2012-08-28,20.25,20.25,19.9,20.15,20.15,0.35,50.0,0.0,77.0
2012-08-27,19.8,19.8,19.5,19.5,19.8,-0.15,40.0,0.0,47.0
2012-08-24,20.15,20.15,19.75,19.95,19.95,-0.5,40.0,0.0,42.0
2012-08-23,20.45,20.45,20.45,20.45,20.45,0.5,20.0,0.0,22.0
2012-08-22,0.0,0.0,0.0,0.0,15.9,0.6,0.0,0.0,20.0
2012-08-21,0.0,0.0,0.0,0.0,15.3,-0.1,0.0,0.0,20.0
2012-08-20,15.6,15.6,15.6,15.6,15.4,-0.3,1.0,0.0,20.0
2012-08-17,0.0,0.0,0.0,0.0,15.7,-1.0,0.0,0.0,20.0
2012-08-16,0.0,0.0,0.0,0.0,16.7,-0.35,0.0,0.0,20.0
2012-08-15,17.05,17.05,17.05,17.05,17.05,-0.5,1.0,0.0,20.0
2012-08-14,0.0,0.0,0.0,0.0,17.55,0.7,0.0,0.0,20.0
2012-08-13,0.0,0.0,0.0,0.0,16.85,-0.9,0.0,0.0,20.0
2012-08-10,0.0,0.0,0.0,0.0,17.75,-0.4,0.0,0.0,20.0
2012-08-09,0.0,0.0,0.0,0.0,18.15,-0.4,0.0,0.0,20.0
2012-08-08,0.0,0.0,0.0,0.0,18.55,-0.7,0.0,0.0,20.0
2012-08-07,0.0,0.0,0.0,0.0,19.25,0.8,0.0,0.0,20.0
2012-08-06,0.0,0.0,0.0,0.0,18.45,-0.5,0.0,0.0,20.0
2012-08-03,0.0,0.0,0.0,0.0,18.95,-1.2,0.0,0.0,20.0
2012-08-02,0.0,0.0,0.0,0.0,20.15,-1.0,0.0,0.0,20.0
2012-08-01,0.0,0.0,0.0,0.0,21.15,-0.45,0.0,0.0,20.0
2012-07-31,0.0,0.0,0.0,0.0,21.6,0.25,0.0,0.0,20.0
2012-07-30,20.55,20.55,20.55,20.55,21.35,0.75,1.0,0.0,20.0
2012-07-27,21.15,21.15,21.15,21.15,20.6,-1.05,1.0,0.0,20.0
2012-07-26,22.05,22.05,22.0,22.0,21.65,-1.65,25.0,0.0,20.0
2012-07-25,0.0,0.0,0.0,0.0,23.3,-0.55,0.0,0.0,5.0
2012-07-24,23.3,23.3,23.3,23.3,23.85,1.05,10.0,0.0,5.0
2012-07-23,22.85,22.85,22.85,22.85,22.8,1.55,3.0,0.0,5.0
2012-07-20,0.0,0.0,0.0,0.0,21.25,1.1,0.0,0.0,8.0
2012-07-19,0.0,0.0,0.0,0.0,20.15,-0.6,0.0,0.0,8.0
2012-07-18,0.0,0.0,0.0,0.0,19.25,0.05,0.0,0.0,2.0
2012-07-17,0.0,0.0,0.0,0.0,19.2,-0.5,0.0,0.0,2.0
2012-07-16,0.0,0.0,0.0,0.0,19.7,-0.2,0.0,0.0,2.0
2012-07-13,20.15,20.15,20.15,20.15,19.9,-1.1,3.0,0.0,2.0
2012-07-12,0.0,0.0,0.0,0.0,21.0,0.45,0.0,0.0,5.0
2012-07-11,0.0,0.0,0.0,0.0,20.55,-0.45,0.0,0.0,5.0
2012-07-10,21.0,21.0,21.0,21.0,21.0,1.05,3.0,0.0,5.0
2012-07-09,20.25,20.25,20.25,20.25,19.95,-0.3,4.0,0.0,8.0
2012-07-06,20.5,20.5,20.5,20.5,20.25,0.25,5.0,0.0,4.0
2012-07-05,0.0,0.0,0.0,0.0,20.0,0.7,0.0,0.0,1.0
2012-07-03,0.0,0.0,0.0,0.0,19.3,-1.9,0.0,0.0,1.0
2012-07-02,0.0,0.0,0.0,0.0,21.2,0.0,0.0,0.0,1.0
2012-06-29,0.0,0.0,0.0,0.0,21.2,-2.05,0.0,0.0,1.0
2012-06-28,24.3,24.4,24.3,24.4,23.25,0.1,4.0,0.0,1.0
2012-06-27,0.0,0.0,0.0,0.0,23.15,0.0,0.0,0.0,5.0
2012-06-26,23.45,23.45,23.45,23.45,23.15,-0.8,1.0,0.0,5.0
2012-06-25,24.0,24.0,24.0,24.0,23.95,0.75,2.0,0.0,6.0
2012-06-22,23.2,23.2,23.2,23.2,23.2,-1.45,5.0,0.0,4.0
2012-06-21,23.75,23.75,23.75,23.75,24.65,2.85,2.0,0.0,4.0
2012-06-20,0.0,0.0,0.0,0.0,21.8,-1.45,0.0,0.0,2.0
2012-06-19,22.9,23.0,22.9,23.0,23.25,-0.15,20.0,0.0,2.0
2012-06-18,0.0,0.0,0.0,0.0,23.4,-2.2,0.0,0.0,2.0
2012-06-15,0.0,0.0,0.0,0.0,25.6,-1.25,0.0,0.0,2.0
2012-06-14,0.0,0.0,0.0,0.0,26.85,-1.6,0.0,0.0,2.0
2012-06-13,28.35,28.35,28.35,28.35,28.45,0.75,1.0,0.0,2.0
2012-06-12,0.0,0.0,0.0,0.0,27.7,-0.85,0.0,0.0,1.0
2012-06-11,0.0,0.0,0.0,0.0,28.55,2.55,0.0,0.0,1.0
2012-06-08,0.0,0.0,0.0,0.0,26.0,-1.5,0.0,0.0,1.0
2012-06-07,27.0,27.3,26.9,27.3,27.5,-0.05,20.0,0.0,1.0
2012-06-06,28.8,28.8,28.8,28.8,27.55,-2.05,12.0,0.0,1.0
2012-06-05,29.95,30.15,29.95,30.1,29.6,-0.7,15.0,0.0,13.0
2012-06-04,0.0,0.0,0.0,0.0,30.3,-1.05,0.0,0.0,2.0
2012-06-01,0.0,0.0,0.0,0.0,31.35,2.05,0.0,0.0,2.0
2012-05-31,29.3,29.3,28.75,28.75,29.3,1.9,6.0,0.0,2.0
2012-05-30,28.15,28.15,28.15,28.15,27.4,0.0,1.0,0.0,4.0
2012-05-29,27.9,27.9,27.9,27.9,27.4,-1.0,5.0,0.0,3.0
2012-05-25,0.0,0.0,0.0,0.0,28.4,-0.15,0.0,0.0,8.0
2012-05-24,28.65,28.65,28.65,28.65,28.55,0.3,10.0,0.0,8.0
2012-05-23,28.6,30.05,28.6,28.9,28.25,0.0,12.0,0.0,2.0
