Date,Open,High,Low,Close,Volume
2015-04-02,1.06,1.09,1.06,1.08,56800.0
2015-04-01,1.04,1.05,1.02,1.05,249585.0
2015-03-31,1.07,1.07,1.05,1.06,32609.0
2015-03-30,1.05,1.06,1.02,1.06,658519.0
2015-03-27,1.01,1.03,1.01,1.02,157745.0
2015-03-26,1.05,1.06,1.02,1.02,259951.0
2015-03-25,1.06,1.06,1.04,1.04,31702.0
2015-03-24,1.07,1.07,1.06,1.06,339050.0
2015-03-23,1.08,1.09,1.08,1.08,70162.0
2015-03-20,1.04,1.07,1.04,1.07,290737.0
2015-03-19,1.03,1.04,1.02,1.02,171518.0
2015-03-18,1.03,1.03,1.01,1.02,154706.0
2015-03-17,1.04,1.04,1.02,1.02,128200.0
2015-03-16,1.01,1.03,1.0,1.03,59550.0
2015-03-13,1.02,1.04,1.01,1.01,478283.0
2015-03-12,1.01,1.03,1.0,1.03,417486.0
2015-03-11,1.01,1.01,1.0,1.01,286460.0
2015-03-10,1.0,1.0,0.97,1.0,167700.0
2015-03-09,0.99,1.0,0.99,0.99,152617.0
2015-03-06,0.97,0.98,0.97,0.97,180830.0
2015-03-05,1.0,1.0,0.98,0.98,735532.0
2015-03-04,1.01,1.02,1.0,1.0,10917.0
2015-03-03,1.01,1.02,1.0,1.0,336431.0
2015-03-02,1.04,1.05,1.02,1.02,130205.0
2015-02-27,1.01,1.03,1.01,1.03,381333.0
2015-02-26,1.01,1.02,0.99,0.99,495470.0
2015-02-25,1.01,1.02,1.01,1.01,171500.0
2015-02-24,1.02,1.07,1.02,1.02,633851.0
2015-02-23,1.03,1.03,1.02,1.02,61054.0
2015-02-20,1.04,1.05,1.03,1.03,352252.0
2015-02-19,1.05,1.07,1.05,1.06,88800.0
2015-02-18,1.08,1.08,1.06,1.06,1487625.0
2015-02-17,1.07,1.1,1.07,1.08,206805.0
2015-02-16,1.06,1.08,1.06,1.08,41222.0
2015-02-13,1.05,1.05,1.05,1.05,1000.0
2015-02-12,1.05,1.06,1.04,1.05,119193.0
2015-02-11,1.04,1.05,1.04,1.05,407968.0
2015-02-10,1.06,1.07,1.06,1.06,228800.0
2015-02-09,1.07,1.07,1.06,1.06,421968.0
2015-02-06,1.06,1.08,1.05,1.06,743433.0
2015-02-05,1.03,1.06,1.03,1.05,780430.0
2015-02-04,1.04,1.06,1.03,1.04,2068989.0
2015-02-03,1.0,1.02,1.0,1.02,750052.0
2015-02-02,1.01,1.02,1.01,1.01,406837.0
2015-01-30,1.03,1.04,1.01,1.01,304705.0
2015-01-29,1.01,1.03,1.01,1.03,154453.0
2015-01-28,1.05,1.05,1.02,1.02,1097981.0
2015-01-27,1.05,1.06,1.05,1.05,277540.0
2015-01-26,1.07,1.08,1.06,1.06,1180762.0
2015-01-23,1.07,1.08,1.05,1.07,117007.0
2015-01-22,1.09,1.09,1.08,1.08,451830.0
2015-01-21,1.1,1.1,1.08,1.08,87810.0
2015-01-20,1.07,1.08,1.06,1.06,561512.0
2015-01-19,1.07,1.07,1.07,1.07,119244.0
2015-01-16,1.08,1.09,1.08,1.08,904270.0
2015-01-15,1.08,1.12,1.08,1.08,627725.0
2015-01-14,1.1,1.1,1.08,1.08,614793.0
2015-01-13,1.13,1.14,1.12,1.12,517579.0
2015-01-12,1.14,1.14,1.13,1.14,3737630.0
2015-01-09,1.14,1.15,1.13,1.13,871515.0
2015-01-08,1.17,1.18,1.15,1.16,55705.0
2015-01-07,1.2,1.21,1.17,1.18,182171.0
2015-01-06,1.2,1.21,1.2,1.2,51000.0
2015-01-05,1.19,1.2,1.19,1.19,208921.0
2014-12-31,,,,1.24,0.0
2014-12-30,1.24,1.25,1.23,1.24,22746.0
2014-12-29,1.25,1.26,1.24,1.24,60874.0
2014-12-24,1.3,1.3,1.3,1.3,0.0
2014-12-23,1.27,1.28,1.25,1.25,106082.0
2014-12-22,1.26,1.3,1.26,1.29,1205487.0
2014-12-19,1.3,1.31,1.27,1.31,527466.0
2014-12-18,1.32,1.36,1.32,1.33,2095391.0
2014-12-17,1.25,1.29,1.25,1.28,1616219.0
2014-12-16,1.25,1.29,1.25,1.29,232995.0
2014-12-15,1.23,1.25,1.22,1.25,287581.0
2014-12-12,1.19,1.24,1.19,1.24,4262782.0
2014-12-11,1.18,1.19,1.16,1.18,6475.0
2014-12-10,1.17,1.18,1.16,1.17,614105.0
2014-12-09,1.2,1.2,1.19,1.19,34704.0
2014-12-08,1.2,1.22,1.19,1.22,173267.0
2014-12-05,1.19,1.2,1.17,1.2,83605.0
2014-12-04,1.19,1.19,1.17,1.19,70479.0
2014-12-03,1.21,1.21,1.19,1.19,251233.0
2014-12-02,1.2,1.23,1.2,1.23,3216660.0
2014-12-01,1.16,1.19,1.15,1.19,897147.0
2014-11-28,1.12,1.17,1.12,1.16,87942.0
2014-11-27,1.15,1.15,1.15,1.15,20000.0
2014-11-26,1.14,1.14,1.12,1.12,5907.0
2014-11-25,1.11,1.13,1.1,1.13,49894.0
2014-11-24,1.12,1.13,1.11,1.11,13945.0
2014-11-21,1.14,1.14,1.14,1.14,2314.0
2014-11-20,1.08,1.11,1.08,1.11,55300.0
2014-11-19,1.1,1.11,1.1,1.11,40000.0
2014-11-18,1.11,1.11,1.1,1.1,27355.0
2014-11-17,1.14,1.15,1.12,1.12,20284.0
2014-11-14,1.13,1.14,1.12,1.14,69744.0
2014-11-13,1.1,1.12,1.1,1.12,117000.0
2014-11-12,1.07,1.11,1.07,1.11,128498.0
2014-11-11,1.06,1.06,1.04,1.05,741153.0
2014-11-10,1.05,1.06,1.05,1.06,225760.0
2014-11-07,1.07,1.07,1.06,1.06,160900.0
2014-11-06,1.07,1.08,1.05,1.08,104222.0
2014-11-05,1.08,1.08,1.06,1.07,363842.0
2014-11-04,1.1,1.1,1.09,1.09,3000.0
2014-11-03,1.09,1.1,1.08,1.09,47972.0
2014-10-31,1.08,1.1,1.07,1.08,220092.0
2014-10-30,1.11,1.12,1.1,1.11,525196.0
2014-10-29,1.1,1.1,1.09,1.09,33499.0
2014-10-28,1.08,1.09,1.08,1.09,81972.0
2014-10-27,1.06,1.08,1.05,1.07,121294.0
2014-10-24,1.09,1.1,1.08,1.08,878159.0
2014-10-23,1.07,1.09,1.07,1.09,3108982.0
2014-10-22,1.07,1.08,1.06,1.08,174947.0
2014-10-21,1.06,1.07,1.06,1.07,67614.0
2014-10-20,1.05,1.05,1.05,1.05,102603.0
2014-10-17,1.06,1.07,1.06,1.07,147745.0
2014-10-16,1.04,1.05,1.03,1.05,367486.0
2014-10-15,1.04,1.04,1.03,1.04,255543.0
2014-10-14,1.04,1.04,1.03,1.03,402152.0
2014-10-13,1.03,1.03,1.02,1.03,30245.0
2014-10-10,1.0,1.02,1.0,1.0,455.0
2014-10-09,1.03,1.04,1.02,1.02,85180.0
2014-10-08,1.04,1.05,1.04,1.04,546003.0
2014-10-07,1.01,1.05,1.01,1.04,614876.0
2014-10-06,1.01,1.02,1.0,1.01,56903.0
2014-10-03,1.0,1.0,0.98,0.99,114684.0
2014-10-02,0.98,1.0,0.98,1.0,182700.0
2014-10-01,0.97,0.98,0.97,0.97,198860.0
2014-09-30,0.99,0.99,0.97,0.97,524400.0
2014-09-29,0.98,0.99,0.98,0.99,391665.0
2014-09-26,0.97,0.97,0.96,0.97,1128506.0
2014-09-25,0.99,0.99,0.96,0.96,721340.0
2014-09-24,0.98,1.0,0.98,0.99,903568.0
2014-09-23,0.98,0.98,0.97,0.97,675795.0
2014-09-22,0.98,0.99,0.96,0.97,635071.0
2014-09-19,1.0,1.0,0.98,0.98,636360.0
2014-09-18,1.02,1.02,1.01,1.01,87477.0
2014-09-17,1.02,1.03,1.02,1.02,98884.0
2014-09-16,1.04,1.04,1.02,1.02,366535.0
2014-09-15,1.02,1.03,1.02,1.03,451066.0
2014-09-12,1.04,1.04,1.03,1.03,160827.0
2014-09-11,1.06,1.06,1.05,1.05,735491.0
2014-09-10,1.08,1.08,1.07,1.07,457950.0
2014-09-09,1.09,1.09,1.08,1.08,602663.0
2014-09-08,1.11,1.11,1.08,1.09,185301.0
2014-09-05,1.1,1.11,1.09,1.1,115080.0
2014-09-04,1.1,1.1,1.08,1.09,1323244.0
2014-09-03,1.14,1.14,1.1,1.1,179453.0
2014-09-02,1.16,1.16,1.14,1.14,459464.0
2014-09-01,1.17,1.17,1.15,1.16,187726.0
2014-08-29,1.18,1.19,1.18,1.18,16600.0
2014-08-28,1.16,1.19,1.16,1.18,820344.0
2014-08-27,1.15,1.15,1.14,1.14,403796.0
2014-08-26,1.15,1.15,1.12,1.12,547420.0
2014-08-22,1.15,1.16,1.14,1.16,403720.0
2014-08-21,1.14,1.14,1.14,1.14,40248.0
2014-08-20,1.15,1.15,1.13,1.13,10200.0
2014-08-19,1.14,1.14,1.13,1.14,248500.0
2014-08-18,1.15,1.15,1.15,1.15,433173.0
2014-08-15,1.13,1.15,1.13,1.15,198400.0
2014-08-14,1.13,1.13,1.12,1.13,3500.0
2014-08-13,1.15,1.15,1.13,1.13,422700.0
2014-08-12,1.15,1.15,1.13,1.13,78362.0
2014-08-11,1.15,1.17,1.15,1.15,3500.0
2014-08-08,1.18,1.19,1.17,1.17,28648.0
2014-08-07,1.2,1.2,1.19,1.19,445154.0
2014-08-06,1.18,1.21,1.18,1.2,1833470.0
2014-08-05,1.15,1.15,1.15,1.15,39700.0
2014-08-04,1.15,1.17,1.14,1.16,654450.0
2014-08-01,1.13,1.13,1.13,1.13,10000.0
2014-07-31,1.11,1.12,1.11,1.12,27000.0
2014-07-30,1.11,1.12,1.11,1.12,323669.0
2014-07-29,1.13,1.13,1.1,1.1,62300.0
2014-07-28,1.14,1.15,1.13,1.14,501315.0
2014-07-25,1.13,1.14,1.12,1.13,507412.0
2014-07-24,1.13,1.15,1.12,1.13,235078.0
2014-07-23,1.11,1.12,1.11,1.12,520500.0
2014-07-22,1.12,1.14,1.12,1.12,1411755.0
2014-07-21,1.12,1.12,1.12,1.12,510250.0
2014-07-18,1.17,1.18,1.14,1.14,673743.0
2014-07-17,1.14,1.14,1.12,1.12,299085.0
2014-07-16,1.14,1.15,1.14,1.14,96950.0
2014-07-15,1.13,1.14,1.13,1.13,220632.0
2014-07-14,1.12,1.13,1.11,1.13,1664155.0
2014-07-11,1.16,1.17,1.14,1.15,939331.0
2014-07-10,1.17,1.18,1.16,1.16,611073.0
2014-07-09,1.18,1.18,1.17,1.17,198725.0
2014-07-08,1.19,1.19,1.18,1.19,461499.0
2014-07-07,1.23,1.24,1.19,1.2,42980.0
2014-07-04,1.24,1.24,1.22,1.24,83040.0
2014-07-03,1.22,1.23,1.22,1.23,524010.0
2014-07-02,1.22,1.22,1.21,1.21,463838.0
2014-07-01,1.22,1.22,1.2,1.21,1192170.0
2014-06-30,1.25,1.26,1.24,1.24,1295523.0
2014-06-27,1.24,1.26,1.24,1.26,77708.0
2014-06-26,1.24,1.24,1.23,1.24,718228.0
2014-06-25,1.23,1.24,1.22,1.24,556153.0
2014-06-24,1.24,1.25,1.23,1.23,344600.0
2014-06-23,1.27,1.27,1.25,1.25,801182.0
2014-06-20,1.28,1.28,1.27,1.27,131532.0
2014-06-19,1.28,1.28,1.26,1.26,133868.0
2014-06-18,1.27,1.27,1.26,1.27,745384.0
2014-06-17,1.26,1.26,1.24,1.25,754177.0
2014-06-16,1.26,1.28,1.26,1.26,184202.0
2014-06-13,1.27,1.28,1.27,1.28,36180.0
2014-06-12,1.28,1.28,1.27,1.27,169372.0
2014-06-11,1.31,1.32,1.3,1.3,408647.0
2014-06-10,1.33,1.33,1.31,1.31,121636.0
2014-06-09,1.34,1.34,1.32,1.32,124086.0
2014-06-06,1.31,1.33,1.31,1.32,25907.0
2014-06-05,1.33,1.33,1.32,1.32,27700.0
2014-06-04,1.34,1.34,1.33,1.34,19164.0
2014-06-03,1.34,1.37,1.33,1.33,260110.0
2014-06-02,1.34,1.35,1.34,1.35,260208.0
2014-05-30,1.37,1.37,1.36,1.37,6400.0
2014-05-29,1.39,1.4,1.37,1.37,28384.0
2014-05-28,1.38,1.38,1.37,1.37,194478.0
2014-05-27,1.4,1.4,1.39,1.39,265162.0
2014-05-23,1.43,1.43,1.41,1.41,51746.0
2014-05-22,1.44,1.45,1.42,1.44,59600.0
2014-05-21,1.46,1.46,1.44,1.45,120000.0
2014-05-20,1.48,1.49,1.46,1.46,61540.0
2014-05-19,1.45,1.46,1.44,1.46,60345.0
2014-05-16,1.47,1.48,1.46,1.46,143464.0
2014-05-15,1.48,1.49,1.47,1.47,87030.0
2014-05-14,1.53,1.53,1.5,1.5,266408.0
2014-05-13,1.55,1.56,1.53,1.53,3800.0
2014-05-12,1.53,1.54,1.52,1.53,81382.0
2014-05-09,1.58,1.59,1.57,1.58,20576.0
2014-05-08,1.59,1.59,1.58,1.58,187996.0
2014-05-07,1.6,1.6,1.58,1.6,97807.0
2014-05-06,1.58,1.6,1.57,1.59,658202.0
2014-05-02,1.54,1.56,1.53,1.55,7550.0
2014-05-01,1.56,1.57,1.54,1.54,72216.0
2014-04-30,1.55,1.55,1.55,1.55,73750.0
2014-04-29,1.53,1.55,1.53,1.55,32708.0
2014-04-28,1.54,1.54,1.52,1.52,42014.0
2014-04-25,1.52,1.53,1.51,1.53,31161.0
2014-04-24,1.48,1.51,1.47,1.51,147397.0
2014-04-23,1.48,1.48,1.46,1.48,58013.0
2014-04-22,1.48,1.48,1.45,1.45,55296.0
2014-04-17,1.52,1.54,1.52,1.52,13303.0
2014-04-16,1.53,1.55,1.53,1.54,152500.0
2014-04-15,,,,1.5,0.0
2014-04-14,1.5,1.5,1.47,1.5,119382.0
2014-04-11,1.45,1.46,1.44,1.46,170367.0
2014-04-10,1.46,1.47,1.45,1.45,100524.0
2014-04-09,1.5,1.51,1.5,1.5,29830.0
2014-04-08,1.48,1.48,1.47,1.47,14500.0
2014-04-07,1.48,1.48,1.47,1.47,5950.0
2014-04-04,1.46,1.48,1.45,1.45,10000.0
2014-04-03,1.47,1.48,1.46,1.47,24375.0
2014-04-02,1.49,1.49,1.46,1.48,887204.0
2014-04-01,1.5,1.51,1.5,1.51,49494.0
2014-03-31,1.52,1.52,1.51,1.51,91524.0
2014-03-28,1.54,1.54,1.53,1.53,95003.0
2014-03-27,1.52,1.53,1.5,1.53,138523.0
2014-03-26,1.56,1.56,1.53,1.53,115621.0
2014-03-25,1.56,1.56,1.55,1.55,61350.0
2014-03-24,1.52,1.57,1.52,1.57,1015231.0
2014-03-21,1.54,1.55,1.52,1.53,231342.0
2014-03-20,1.56,1.59,1.53,1.54,454893.0
2014-03-19,1.51,1.57,1.51,1.57,1967322.0
2014-03-18,1.48,1.51,1.48,1.51,334398.0
2014-03-17,1.51,1.52,1.49,1.49,316506.0
2014-03-14,1.47,1.51,1.47,1.49,169795.0
2014-03-13,1.52,1.53,1.48,1.48,321782.0
2014-03-12,1.44,1.49,1.44,1.49,194954.0
2014-03-11,1.41,1.43,1.41,1.43,62000.0
2014-03-10,1.42,1.43,1.42,1.43,581555.0
2014-03-07,1.42,1.45,1.42,1.44,428254.0
2014-03-06,1.41,1.42,1.4,1.41,211097.0
2014-03-05,1.4,1.41,1.4,1.41,684176.0
2014-03-04,1.37,1.39,1.37,1.39,83017.0
2014-03-03,1.37,1.41,1.37,1.4,313705.0
2014-02-28,1.31,1.31,1.31,1.3,160000.0
2014-02-27,1.32,1.32,1.31,1.32,11325.0
2014-02-26,1.36,1.36,1.34,1.34,42500.0
2014-02-25,1.35,1.36,1.33,1.33,211830.0
2014-02-24,1.32,1.32,1.32,1.32,203656.0
2014-02-21,1.34,1.34,1.34,1.34,60400.0
2014-02-20,1.35,1.37,1.33,1.34,188885.0
2014-02-19,1.34,1.34,1.33,1.34,224242.0
2014-02-18,1.32,1.32,1.31,1.32,27000.0
2014-02-17,1.32,1.32,1.3,1.32,28054.0
2014-02-14,1.31,1.32,1.31,1.31,228820.0
2014-02-13,1.28,1.3,1.28,1.3,119622.0
2014-02-12,1.29,1.3,1.29,1.3,925766.0
2014-02-11,1.29,1.29,1.28,1.28,262751.0
2014-02-10,1.27,1.27,1.26,1.27,143150.0
2014-02-07,1.28,1.28,1.27,1.28,67240.0
2014-02-06,1.29,1.29,1.28,1.28,283500.0
2014-02-05,1.28,1.28,1.27,1.28,401155.0
2014-02-04,1.24,1.26,1.24,1.26,762391.0
2014-02-03,1.22,1.22,1.22,1.22,770491.0
2014-01-31,1.22,1.22,1.21,1.21,149647.0
2014-01-30,1.22,1.22,1.21,1.22,44099.0
2014-01-29,1.24,1.24,1.23,1.23,300004.0
2014-01-28,1.24,1.25,1.24,1.25,142800.0
2014-01-27,1.25,1.25,1.24,1.24,81300.0
2014-01-24,1.26,1.26,1.24,1.24,17421.0
2014-01-23,1.24,1.25,1.24,1.25,50272.0
2014-01-22,1.24,1.24,1.23,1.23,157114.0
2014-01-21,1.24,1.24,1.24,1.24,383339.0
2014-01-20,1.24,1.24,1.24,1.24,165509.0
2014-01-17,1.25,1.25,1.25,1.25,71312.0
2014-01-16,1.25,1.25,1.24,1.24,815.0
2014-01-15,1.27,1.27,1.27,1.26,405917.0
2014-01-14,1.26,1.26,1.25,1.25,2683.0
2014-01-13,1.26,1.26,1.26,1.26,427100.0
2014-01-10,1.28,1.28,1.28,1.28,960.0
2014-01-09,1.3,1.3,1.28,1.28,630838.0
2014-01-08,1.33,1.33,1.31,1.31,250250.0
2014-01-07,1.33,1.33,1.32,1.32,306950.0
2014-01-06,1.33,1.35,1.33,1.34,92705.0
2014-01-03,1.32,1.32,1.32,1.32,19639.0
2014-01-02,1.32,1.33,1.32,1.32,391500.0
2013-12-31,1.32,1.32,1.32,1.32,11008.0
2013-12-30,1.33,1.33,1.33,1.33,44326.0
2013-12-27,1.31,1.33,1.31,1.33,19200.0
2013-12-24,1.34,1.34,1.34,1.34,457000.0
2013-12-23,1.35,1.35,1.34,1.34,134010.0
2013-12-20,1.34,1.34,1.34,1.34,8500.0
2013-12-19,1.35,1.36,1.35,1.35,340441.0
2013-12-18,1.36,1.36,1.35,1.35,32570.0
2013-12-17,1.37,1.37,1.37,1.37,86288.0
2013-12-16,1.38,1.38,1.37,1.37,143349.0
2013-12-13,1.39,1.39,1.38,1.38,1137340.0
2013-12-12,1.4,1.4,1.39,1.39,25700.0
2013-12-11,1.41,1.41,1.4,1.4,315350.0
2013-12-10,1.43,1.43,1.4,1.41,43555.0
2013-12-09,1.44,1.44,1.43,1.43,36085.0
2013-12-06,1.43,1.43,1.43,1.43,100.0
2013-12-05,1.45,1.45,1.44,1.43,54593.0
2013-12-04,1.46,1.46,1.46,1.46,5500.0
2013-12-03,1.47,1.47,1.47,1.47,13606.0
2013-12-02,1.48,1.48,1.45,1.45,22290.0
2013-11-29,1.45,1.47,1.45,1.47,84477.0
2013-11-28,1.46,1.46,1.45,1.46,34050.0
2013-11-27,1.45,1.47,1.45,1.47,263159.0
2013-11-26,1.44,1.44,1.44,1.44,2000.0
2013-11-25,1.45,1.45,1.45,1.45,4600.0
2013-11-22,1.44,1.45,1.44,1.44,67134.0
2013-11-21,1.45,1.45,1.44,1.44,111862.0
2013-11-20,1.44,1.44,1.44,1.44,12850.0
2013-11-19,1.44,1.44,1.44,1.44,4235.0
2013-11-18,1.44,1.44,1.44,1.44,24097.0
2013-11-15,1.45,1.45,1.44,1.44,155839.0
2013-11-14,1.45,1.46,1.45,1.45,1433.0
2013-11-13,1.44,1.44,1.44,1.44,2000.0
2013-11-12,1.45,1.45,1.45,1.45,54400.0
2013-11-11,1.45,1.46,1.45,1.46,97400.0
2013-11-08,1.46,1.46,1.46,1.46,1256.0
2013-11-07,,,,1.47,0.0
2013-11-06,1.47,1.47,1.47,1.47,33700.0
2013-11-05,1.48,1.48,1.48,1.48,250000.0
2013-11-04,1.5,1.5,1.49,1.49,135927.0
2013-11-01,1.49,1.5,1.48,1.5,11450.0
2013-10-31,1.51,1.52,1.5,1.5,8767.0
2013-10-30,1.52,1.52,1.52,1.52,102146.0
2013-10-29,1.53,1.53,1.53,1.53,1000.0
2013-10-28,1.54,1.54,1.53,1.53,20000.0
2013-10-25,1.56,1.56,1.56,1.56,303000.0
2013-10-24,1.58,1.58,1.56,1.57,70350.0
2013-10-23,1.58,1.59,1.58,1.59,161500.0
2013-10-22,1.56,1.56,1.56,1.56,5440.0
2013-10-21,1.59,1.59,1.54,1.57,212223.0
2013-10-18,1.55,1.58,1.55,1.58,157954.0
2013-10-17,1.54,1.54,1.54,1.54,7252.0
2013-10-16,1.54,1.54,1.53,1.53,5352.0
2013-10-15,1.54,1.54,1.54,1.54,69000.0
2013-10-14,1.56,1.56,1.53,1.54,35276.0
2013-10-11,1.53,1.54,1.53,1.54,17000.0
2013-10-10,1.55,1.55,1.55,1.55,19690.0
2013-10-09,1.55,1.55,1.55,1.55,56346.0
2013-10-08,1.56,1.56,1.56,1.56,10673.0
2013-10-07,1.54,1.54,1.54,1.55,5228.0
2013-10-04,1.54,1.55,1.54,1.54,176022.0
2013-10-03,1.54,1.56,1.54,1.55,237311.0
2013-10-02,1.52,1.54,1.52,1.54,39739.0
2013-10-01,1.52,1.52,1.52,1.52,118141.0
2013-09-30,1.52,1.54,1.52,1.53,167734.0
2013-09-27,1.52,1.53,1.52,1.52,907618.0
2013-09-26,1.5,1.52,1.5,1.51,357226.0
2013-09-25,1.48,1.5,1.48,1.5,98353.0
2013-09-24,1.47,1.47,1.46,1.46,25561.0
2013-09-20,1.48,1.48,1.45,1.45,389086.0
2013-09-19,1.46,1.47,1.46,1.47,148154.0
2013-09-18,,,,1.45,0.0
2013-09-17,1.44,1.45,1.44,1.45,290016.0
2013-09-16,1.44,1.44,1.44,1.44,83300.0
2013-09-13,1.45,1.45,1.44,1.44,126605.0
2013-09-12,1.45,1.45,1.44,1.44,609763.0
2013-09-11,1.45,1.45,1.44,1.44,307202.0
2013-09-10,1.44,1.45,1.44,1.45,83000.0
2013-09-09,1.44,1.44,1.44,1.44,149003.0
2013-09-06,1.44,1.44,1.44,1.43,22480.0
2013-09-05,1.43,1.44,1.43,1.43,15752.0
2013-09-04,1.45,1.46,1.44,1.44,53110.0
2013-09-03,1.47,1.47,1.45,1.45,109500.0
2013-09-02,1.47,1.47,1.46,1.46,25100.0
2013-08-30,1.46,1.47,1.46,1.47,13300.0
2013-08-29,1.48,1.48,1.47,1.46,135483.0
2013-08-28,1.5,1.5,1.48,1.49,65805.0
2013-08-27,1.48,1.5,1.48,1.49,525853.0
2013-08-23,1.44,1.44,1.44,1.44,113580.0
2013-08-22,1.46,1.46,1.45,1.45,19545.0
2013-08-21,1.45,1.47,1.45,1.47,64500.0
2013-08-20,1.45,1.46,1.45,1.46,52143.0
2013-08-19,1.46,1.46,1.46,1.46,86542.0
2013-08-16,1.46,1.46,1.44,1.44,13700.0
2013-08-15,1.45,1.45,1.44,1.45,56647.0
2013-08-14,1.43,1.43,1.43,1.43,38554.0
2013-08-13,1.47,1.47,1.45,1.45,59871.0
2013-08-12,1.45,1.46,1.44,1.45,31189.0
2013-08-09,1.47,1.48,1.46,1.46,32500.0
2013-08-08,1.48,1.48,1.47,1.47,5500.0
2013-08-07,1.49,1.49,1.47,1.47,50194.0
2013-08-06,1.47,1.48,1.47,1.48,119557.0
2013-08-05,1.52,1.52,1.48,1.48,340682.0
2013-08-02,1.51,1.51,1.51,1.52,245835.0
2013-08-01,1.49,1.49,1.49,1.49,51432.0
2013-07-31,1.51,,,1.51,0.0
2013-07-30,1.5,1.5,1.5,1.5,210000.0
2013-07-29,1.49,1.49,1.49,1.49,58464.0
2013-07-26,1.49,1.5,1.49,1.49,23400.0
2013-07-25,1.5,1.5,1.49,1.49,46000.0
2013-07-24,1.5,1.5,1.5,1.5,72632.0
2013-07-23,1.5,1.5,1.5,1.5,81000.0
2013-07-22,1.53,1.53,1.52,1.52,46051.0
2013-07-19,1.52,1.53,1.51,1.52,104100.0
2013-07-18,1.52,1.52,1.52,1.52,37476.0
2013-07-17,1.54,1.54,1.54,1.54,1312.0
2013-07-16,1.55,1.56,1.54,1.54,256580.0
2013-07-15,1.54,1.54,1.53,1.54,257098.0
2013-07-12,1.57,1.57,1.57,1.57,97355.0
2013-07-11,1.57,1.57,1.56,1.57,10400.0
2013-07-10,1.56,1.56,1.55,1.55,30700.0
2013-07-09,1.53,1.56,1.53,1.56,24215.0
2013-07-08,1.52,1.53,1.51,1.53,51065.0
2013-07-05,1.53,1.53,1.53,1.53,62556.0
2013-07-04,1.52,1.54,1.52,1.54,38245.0
2013-07-03,1.54,1.54,1.52,1.52,178118.0
2013-07-02,1.51,1.52,1.5,1.5,8135.0
2013-07-01,1.52,1.52,1.5,1.5,35169.0
2013-06-28,1.55,1.55,1.53,1.53,81605.0
2013-06-27,1.56,1.57,1.56,1.56,6150.0
2013-06-26,1.58,1.58,1.58,1.58,13000.0
2013-06-25,1.59,1.59,1.58,1.58,6967.0
2013-06-24,1.6,1.6,1.57,1.58,115791.0
2013-06-21,1.64,1.64,1.61,1.63,79950.0
2013-06-20,1.61,1.61,1.6,1.61,24400.0
2013-06-19,1.59,1.63,1.58,1.63,118200.0
2013-06-18,1.59,1.59,1.58,1.58,65017.0
2013-06-17,1.57,1.58,1.56,1.58,142919.0
2013-06-14,1.58,1.58,1.58,1.58,19338.0
2013-06-13,1.58,1.58,1.57,1.58,6685.0
2013-06-12,1.6,1.61,1.6,1.6,105170.0
2013-06-11,1.6,1.62,1.59,1.62,322356.0
2013-06-10,1.61,1.61,1.58,1.58,39945.0
2013-06-07,,,,1.61,0.0
2013-06-06,1.63,1.63,1.61,1.61,56950.0
2013-06-05,1.65,1.65,1.64,1.64,9299.0
2013-06-04,1.63,1.64,1.63,1.64,4985.0
2013-06-03,1.65,1.65,1.61,1.62,94202.0
2013-05-31,1.61,1.62,1.61,1.62,6200.0
2013-05-30,1.63,1.63,1.6,1.6,32200.0
2013-05-29,1.61,1.63,1.6,1.63,28200.0
2013-05-28,1.62,1.64,1.61,1.62,54979.0
2013-05-24,1.64,1.64,1.64,1.64,54402.0
2013-05-23,1.63,1.63,1.63,1.63,3000.0
2013-05-22,1.59,1.6,1.59,1.6,74457.0
2013-05-21,1.57,1.58,1.57,1.57,177445.0
2013-05-20,1.59,1.59,1.58,1.58,333450.0
2013-05-17,1.6,1.6,1.59,1.6,11740.0
2013-05-16,1.62,1.62,1.58,1.59,100418.0
2013-05-15,1.64,1.65,1.63,1.63,161276.0
2013-05-14,1.66,1.66,1.65,1.66,235200.0
2013-05-13,1.64,1.66,1.64,1.66,377492.0
2013-05-10,1.66,1.67,1.66,1.67,101000.0
2013-05-09,1.64,1.68,1.64,1.68,145181.0
2013-05-08,1.65,1.65,1.63,1.63,43341.0
2013-05-07,1.64,1.65,1.64,1.64,124254.0
2013-05-03,1.69,1.7,1.68,1.68,118384.0
2013-05-02,1.68,1.69,1.68,1.69,129319.0
2013-05-01,1.68,1.68,1.66,1.66,13144.0
2013-04-30,1.66,1.66,1.64,1.64,61552.0
2013-04-29,1.63,1.64,1.62,1.64,65908.0
2013-04-26,1.63,1.63,1.62,1.62,212304.0
2013-04-25,1.61,1.62,1.61,1.61,1000.0
2013-04-24,1.61,1.61,1.61,1.61,5200.0
2013-04-23,1.63,1.63,1.62,1.62,49200.0
2013-04-22,1.64,1.64,1.61,1.61,25387.0
2013-04-19,1.64,1.64,1.64,1.64,28000.0
2013-04-18,1.65,1.66,1.65,1.65,76594.0
2013-04-17,1.63,1.64,1.63,1.63,1000.0
2013-04-16,1.62,1.63,1.62,1.63,292475.0
2013-04-15,1.65,1.65,1.63,1.63,61235.0
2013-04-12,1.64,1.65,1.64,1.65,188250.0
2013-04-11,1.64,1.65,1.63,1.64,37252.0
2013-04-10,1.65,1.65,1.64,1.65,68258.0
2013-04-09,1.66,1.66,1.66,1.66,20000.0
2013-04-08,1.65,1.65,1.65,1.65,28642.0
2013-04-05,1.62,1.62,1.62,1.62,50152.0
2013-04-04,1.62,1.63,1.61,1.62,82445.0
2013-04-03,1.59,1.61,1.59,1.61,254809.0
2013-04-02,1.59,1.59,1.56,1.57,274375.0
2013-03-28,1.73,1.74,1.6,1.6,681802.0
2013-03-27,1.72,1.73,1.71,1.73,52252.0
2013-03-26,1.7,1.7,1.7,1.7,279000.0
2013-03-25,1.71,1.71,1.7,1.7,55460.0
2013-03-22,1.7,1.7,1.69,1.69,5216.0
2013-03-21,1.72,1.72,1.7,1.71,527658.0
2013-03-20,1.71,1.71,1.7,1.7,85445.0
2013-03-19,1.68,1.69,1.67,1.69,117113.0
2013-03-18,1.69,1.69,1.65,1.65,132225.0
2013-03-15,1.69,1.7,1.68,1.69,391881.0
2013-03-14,1.66,1.7,1.66,1.69,139053.0
2013-03-13,1.66,1.66,1.64,1.65,349650.0
2013-03-12,1.64,1.64,1.64,1.64,322000.0
2013-03-11,1.64,1.64,1.63,1.64,224423.0
2013-03-08,1.63,1.63,1.62,1.63,253445.0
2013-03-07,1.61,1.62,1.6,1.61,34249.0
2013-03-06,1.66,1.66,1.64,1.64,182825.0
2013-03-05,1.65,1.66,1.65,1.65,11900.0
2013-03-04,1.68,1.68,1.67,1.67,62581.0
2013-03-01,1.68,,1.68,1.68,0.0
2013-02-28,1.68,1.68,1.68,1.68,4515.0
2013-02-27,1.67,1.68,1.67,1.68,13775.0
2013-02-26,1.65,1.67,1.65,1.67,64895.0
2013-02-25,1.68,1.68,1.67,1.67,109693.0
2013-02-22,1.7,1.71,1.7,1.71,64589.0
2013-02-21,1.74,1.74,1.71,1.71,33551.0
2013-02-20,1.73,1.74,1.72,1.72,78869.0
2013-02-19,1.76,1.77,1.73,1.73,129295.0
2013-02-18,1.74,1.77,1.74,1.77,10893.0
2013-02-15,1.75,1.76,1.75,1.75,180000.0
2013-02-14,1.75,1.75,1.72,1.72,445942.0
2013-02-13,1.73,1.74,1.72,1.74,38500.0
2013-02-12,1.76,1.76,1.75,1.76,13068.0
2013-02-11,1.78,1.79,1.78,1.78,114794.0
2013-02-08,1.79,1.8,1.79,1.79,15780.0
2013-02-07,1.8,1.8,1.8,1.8,305264.0
2013-02-06,1.78,1.79,1.78,1.78,3160.0
2013-02-05,1.81,1.81,1.79,1.79,19495.0
2013-02-04,1.82,1.83,1.82,1.82,12710.0
2013-02-01,1.86,1.87,1.86,1.86,22403.0
2013-01-31,1.85,,1.85,1.85,
2013-01-30,1.84,1.85,1.84,1.85,18232.0
2013-01-29,1.85,1.85,1.84,1.85,43050.0
2013-01-28,1.85,1.85,1.84,1.84,51000.0
2013-01-25,1.81,1.83,1.81,1.83,52952.0
2013-01-24,1.83,1.83,1.81,1.82,99754.0
2013-01-23,1.84,1.86,1.84,1.84,672935.0
2013-01-22,1.89,1.89,1.85,1.85,219247.0
2013-01-21,1.86,1.9,1.86,1.9,110101.0
2013-01-18,1.86,1.86,1.85,1.86,51700.0
2013-01-17,1.86,1.86,1.84,1.85,349483.0
2013-01-16,1.87,1.87,1.86,1.86,170621.0
2013-01-15,1.83,1.84,1.83,1.83,92362.0
2013-01-14,1.82,1.84,1.82,1.83,812822.0
2013-01-11,1.76,1.77,1.75,1.75,42892.0
2013-01-10,1.78,1.78,1.78,1.78,104295.0
2013-01-09,1.78,1.78,1.78,1.78,126400.0
2013-01-08,1.79,1.8,1.78,1.79,55287.0
2013-01-07,1.78,1.8,1.78,1.8,328331.0
2013-01-04,1.79,1.8,1.77,1.78,165594.0
2013-01-03,1.81,1.81,1.78,1.79,147875.0
2013-01-02,1.82,1.87,1.82,1.84,78900.0
2012-12-31,1.82,1.82,1.82,1.82,20000.0
2012-12-28,1.85,1.85,1.85,1.85,2060.0
2012-12-27,1.87,1.87,1.82,1.82,18994.0
2012-12-24,1.88,1.88,1.88,1.88,24276.0
2012-12-21,1.88,1.88,1.88,1.88,21273.0
2012-12-20,1.9,1.9,1.86,1.86,328400.0
2012-12-19,1.94,1.95,1.92,1.93,150730.0
2012-12-18,1.92,1.92,1.91,1.91,135551.0
2012-12-17,1.94,1.94,1.92,1.92,304810.0
2012-12-14,1.94,1.94,1.93,1.93,12780.0
2012-12-13,1.93,1.94,1.92,1.93,154360.0
2012-12-12,1.93,1.95,1.93,1.93,379500.0
2012-12-11,2.0,2.0,1.96,1.96,388539.0
2012-12-10,2.03,2.03,2.01,2.01,75409.0
2012-12-07,2.04,2.04,2.03,2.03,30680.0
2012-12-06,2.05,2.05,2.04,2.04,145920.0
2012-12-05,2.02,2.03,2.02,2.03,20000.0
2012-12-04,2.03,2.05,2.03,2.05,100502.0
2012-12-03,2.06,2.08,2.06,2.07,49329.0
2012-11-30,2.08,2.08,2.06,2.06,23000.0
2012-11-29,2.12,,2.1,2.1,
2012-11-28,2.1,2.12,2.1,2.12,32848.0
2012-11-27,2.06,2.08,2.06,2.08,253430.0
2012-11-26,2.05,2.06,2.05,2.06,97311.0
2012-11-23,2.05,2.05,2.03,2.05,500.0
2012-11-22,2.03,2.04,2.02,2.03,304610.0
2012-11-21,2.04,2.05,2.04,2.05,52138.0
2012-11-20,2.03,2.05,2.03,2.05,57110.0
2012-11-19,2.04,2.04,2.04,2.04,1754.0
2012-11-16,2.04,2.04,2.02,2.03,40600.0
2012-11-15,2.06,2.06,2.06,2.06,81153.0
2012-11-14,2.06,2.07,2.05,2.05,486108.0
2012-11-13,2.08,2.08,2.04,2.04,135726.0
2012-11-12,2.12,2.12,2.08,2.08,35411.0
2012-11-09,2.17,2.2,2.14,2.17,471620.0
2012-11-08,2.16,2.18,2.15,2.18,68451.0
2012-11-07,2.12,2.15,2.12,2.15,31500.0
2012-11-06,2.1,2.11,2.1,2.11,10880.0
2012-11-05,2.09,2.11,2.09,2.1,627657.0
2012-11-02,2.1,2.1,2.08,2.1,164144.0
2012-11-01,2.1,2.11,2.09,2.11,32495.0
2012-10-31,2.09,2.11,2.08,2.1,13000.0
2012-10-30,2.08,2.09,2.08,2.09,29800.0
2012-10-29,2.1,2.1,2.09,2.09,105600.0
2012-10-26,2.1,2.12,2.1,2.12,28559.0
2012-10-25,2.14,2.14,2.12,2.13,74902.0
2012-10-24,2.15,2.15,2.15,2.15,5000.0
2012-10-23,2.1,2.1,2.1,2.1,25000.0
2012-10-22,,,,2.12,0.0
2012-10-19,2.13,2.13,2.09,2.13,4548.0
2012-10-18,2.09,2.09,2.09,2.09,2498.0
2012-10-17,2.06,2.06,2.05,2.05,55792.0
2012-10-16,2.06,2.06,2.05,2.05,22400.0
2012-10-15,2.06,2.07,2.04,2.06,194770.0
2012-10-12,2.12,2.12,2.09,2.09,117706.0
2012-10-11,2.09,2.15,2.08,2.15,131268.0
2012-10-10,2.1,2.11,2.1,2.1,40126.0
2012-10-09,2.1,2.1,2.1,2.1,17026.0
2012-10-08,,,,2.08,0.0
2012-10-05,2.09,2.1,2.09,2.1,77480.0
2012-10-04,2.11,2.13,2.11,2.12,34900.0
2012-10-03,2.07,2.09,2.07,2.09,84615.0
2012-10-02,2.11,2.11,2.11,2.11,3078.0
2012-10-01,2.17,2.17,2.14,2.14,298330.0
2012-09-28,2.06,2.12,2.06,2.12,315424.0
2012-09-27,2.11,2.11,2.09,2.09,76124.0
2012-09-26,2.12,2.12,2.12,2.12,352331.0
2012-09-25,2.15,2.16,2.14,2.14,30000.0
2012-09-24,2.17,2.17,2.15,2.15,7710.0
2012-09-21,2.15,2.16,2.15,2.16,27500.0
2012-09-20,2.12,2.14,2.12,2.14,543278.0
2012-09-19,2.12,2.13,2.09,2.1,269303.0
2012-09-18,2.13,2.14,2.11,2.11,257960.0
2012-09-17,2.21,2.21,2.16,2.16,58257.0
2012-09-14,2.18,2.24,2.18,2.24,173913.0
2012-09-13,2.15,2.16,2.14,2.16,51992.0
2012-09-12,2.14,2.14,2.12,2.14,59720.0
2012-09-11,2.15,2.16,2.15,2.16,84000.0
2012-09-10,2.2,2.2,2.19,2.19,144900.0
2012-09-07,2.15,2.18,2.15,2.18,530264.0
2012-09-06,2.11,2.12,2.11,2.12,55040.0
2012-09-05,2.14,2.15,2.13,2.14,469345.0
2012-09-04,2.17,2.18,2.16,2.18,512876.0
2012-09-03,2.19,2.19,2.14,2.15,53338.0
2012-08-31,2.19,2.19,2.13,2.13,212300.0
2012-08-30,2.18,2.19,2.18,2.18,87742.0
2012-08-29,2.14,2.16,2.12,2.16,115615.0
2012-08-28,2.15,2.16,2.11,2.14,738942.0
2012-08-24,2.18,2.19,2.18,2.18,294355.0
2012-08-23,2.21,2.22,2.21,2.22,35216.0
2012-08-22,2.22,2.22,2.21,2.21,71820.0
2012-08-21,2.18,2.23,2.18,2.23,150192.0
2012-08-20,2.16,2.18,2.15,2.17,369760.0
2012-08-17,2.14,2.17,2.14,2.17,6445.0
2012-08-16,2.13,2.14,2.13,2.14,486455.0
2012-08-15,2.09,2.1,2.08,2.09,135374.0
2012-08-14,2.12,2.14,2.08,2.08,463971.0
2012-08-13,2.16,2.16,2.13,2.14,121709.0
2012-08-10,2.24,2.26,2.19,2.19,78032.0
2012-08-09,2.23,2.25,2.22,2.25,67250.0
2012-08-08,2.16,2.17,2.14,2.16,72503.0
2012-08-07,2.2,2.22,2.18,2.19,35839.0
2012-08-06,2.17,2.18,2.17,2.17,48700.0
2012-08-03,2.12,2.2,2.12,2.2,341400.0
2012-08-02,2.17,2.17,2.12,2.12,148066.0
2012-08-01,2.18,2.18,2.12,2.13,273208.0
2012-07-31,2.25,2.26,2.2,2.2,123190.0
2012-07-30,2.26,2.26,2.24,2.26,112957.0
2012-07-27,2.19,2.24,2.18,2.23,131740.0
2012-07-26,2.2,2.22,2.19,2.2,281843.0
2012-07-25,2.17,2.24,2.17,2.22,116564.0
2012-07-24,2.2,2.21,2.15,2.15,251819.0
2012-07-23,2.29,2.29,2.23,2.29,490169.0
2012-07-20,2.3,2.31,2.27,2.28,877813.0
2012-07-19,2.23,2.31,2.23,2.27,1105778.0
2012-07-18,2.16,2.17,2.13,2.16,283450.0
2012-07-17,2.2,2.2,2.14,2.18,359621.0
2012-07-16,2.14,2.16,2.14,2.16,278424.0
2012-07-13,2.1,2.12,2.09,2.09,534819.0
2012-07-12,2.03,2.09,2.03,2.09,258955.0
2012-07-11,2.02,2.08,2.02,2.06,616139.0
2012-07-10,2.03,2.03,1.99,2.03,358462.0
2012-07-09,2.03,2.07,2.02,2.06,1419465.0
2012-07-06,2.02,2.03,1.99,2.02,430843.0
2012-07-05,1.94,2.02,1.94,2.01,900924.0
2012-07-04,1.94,1.96,1.93,1.94,127757.0
2012-07-03,1.9,1.95,1.9,1.95,242875.0
2012-07-02,1.88,1.9,1.86,1.86,719668.0
2012-06-29,1.85,1.87,1.84,1.85,345730.0
2012-06-28,1.84,1.85,1.83,1.85,312665.0
2012-06-27,1.83,1.86,1.82,1.85,1224859.0
2012-06-26,1.82,1.85,1.79,1.84,1484477.0
2012-06-25,1.74,1.81,1.74,1.81,1408060.0
2012-06-22,1.68,1.71,1.68,1.71,413200.0
2012-06-21,1.67,1.72,1.67,1.7,106621.0
2012-06-20,1.65,1.66,1.63,1.63,161276.0
2012-06-19,1.63,1.64,1.63,1.64,6850.0
2012-06-18,1.56,1.58,1.56,1.58,22243.0
2012-06-15,1.58,1.58,1.57,1.57,33331.0
2012-06-14,1.57,1.58,1.57,1.58,21900.0
2012-06-13,1.57,1.58,1.56,1.57,75796.0
2012-06-12,1.62,1.62,1.57,1.57,509596.0
2012-06-11,1.6,1.62,1.6,1.61,29200.0
2012-06-08,1.6,1.61,1.6,1.6,796390.0
2012-06-07,1.58,1.62,1.57,1.61,993872.0
2012-06-06,1.56,1.59,1.56,1.58,208380.0
2012-06-01,1.62,1.62,1.61,1.61,18200.0
2012-05-31,1.65,1.65,1.64,1.64,56726.0
2012-05-30,1.65,1.66,1.64,1.65,257361.0
2012-05-29,1.72,1.72,1.68,1.68,461394.0
2012-05-28,1.72,1.74,1.72,1.74,34307.0
2012-05-25,1.71,1.72,1.7,1.72,272304.0
2012-05-24,1.71,1.71,1.71,1.71,27200.0
2012-05-23,1.72,1.72,1.68,1.71,160521.0
2012-05-22,1.77,1.78,1.74,1.74,235532.0
2012-05-21,1.8,1.8,1.74,1.79,2319322.0
2012-05-18,1.67,1.73,1.66,1.73,3991000.0
2012-05-17,1.63,1.64,1.62,1.64,378805.0
2012-05-16,1.53,1.58,1.53,1.58,545812.0
2012-05-15,1.54,1.54,1.53,1.54,215800.0
2012-05-14,1.51,1.52,1.5,1.52,42169.0
2012-05-11,1.52,1.52,1.51,1.51,387482.0
2012-05-10,1.54,1.54,1.51,1.52,23873.0
2012-05-09,1.55,1.55,1.53,1.54,625762.0
2012-05-08,1.56,1.57,1.56,1.56,90244.0
2012-05-04,1.57,1.58,1.53,1.53,206410.0
2012-05-03,1.57,1.57,1.56,1.57,40352.0
2012-05-02,1.59,1.6,1.59,1.59,285000.0
2012-05-01,1.65,1.65,1.65,1.65,1810.0
2012-04-30,1.63,1.63,1.63,1.63,75000.0
2012-04-27,1.62,1.65,1.61,1.65,655588.0
2012-04-26,1.59,1.6,1.59,1.59,41773.0
2012-04-25,1.61,1.62,1.58,1.59,865297.0
2012-04-24,1.6,1.64,1.6,1.63,90773.0
2012-04-23,1.58,1.6,1.58,1.59,23902.0
2012-04-20,1.59,1.59,1.59,1.59,128640.0
2012-04-19,1.59,1.59,1.58,1.59,287900.0
2012-04-18,1.58,1.58,1.55,1.56,443407.0
2012-04-17,1.59,1.6,1.58,1.6,51500.0
2012-04-16,1.58,1.59,1.58,1.58,68988.0
2012-04-13,1.64,1.64,1.6,1.6,143031.0
2012-04-12,1.62,1.65,1.61,1.65,143800.0
2012-04-11,1.6,1.62,1.6,1.61,60380.0
2012-04-10,1.63,1.66,1.63,1.66,374655.0
2012-04-05,1.65,1.65,1.64,1.65,200.0
2012-04-04,1.67,1.67,1.66,1.66,426700.0
2012-04-03,1.67,1.68,1.66,1.68,18813.0
2012-04-02,1.68,1.69,1.67,1.67,483574.0
2012-03-30,1.58,1.7,1.57,1.66,1712847.0
2012-03-29,1.63,1.63,1.6,1.6,151492.0
2012-03-28,1.64,1.66,1.63,1.63,106500.0
2012-03-27,1.7,1.7,1.68,1.7,266702.0
2012-03-26,1.68,1.71,1.68,1.71,33117.0
2012-03-23,1.66,1.67,1.66,1.67,256797.0
2012-03-22,1.62,1.63,1.62,1.63,356917.0
2012-03-21,1.65,1.65,1.64,1.65,71400.0
2012-03-20,1.66,1.66,1.64,1.65,49587.0
2012-03-19,1.69,1.69,1.68,1.68,500.0
2012-03-16,1.69,1.72,1.69,1.71,22715.0
2012-03-15,1.66,1.7,1.66,1.69,287202.0
2012-03-14,1.65,1.66,1.65,1.66,372292.0
2012-03-13,1.68,1.69,1.66,1.66,16003.0
2012-03-12,1.65,1.67,1.64,1.67,52017.0
2012-03-09,1.64,1.66,1.62,1.64,1133284.0
2012-03-08,1.66,1.66,1.64,1.64,1000110.0
2012-03-07,1.68,1.69,1.68,1.68,43190.0
2012-03-06,1.69,1.69,1.69,1.69,29600.0
2012-03-05,1.72,1.73,1.72,1.72,2077707.0
2012-03-02,1.7,1.7,1.69,1.69,132744.0
2012-03-01,1.7,1.7,1.7,1.7,24873.0
2012-02-29,1.72,1.73,1.7,1.7,178804.0
2012-02-28,1.67,1.7,1.67,1.7,159695.0
2012-02-27,1.64,1.66,1.63,1.66,70515.0
2012-02-24,1.64,1.64,1.62,1.63,31096.0
2012-02-23,1.64,1.66,1.63,1.63,420979.0
2012-02-22,1.63,1.64,1.62,1.64,212511.0
2012-02-21,1.66,1.66,1.62,1.62,106199.0
2012-02-20,1.66,1.68,1.66,1.68,57400.0
2012-02-17,1.64,1.66,1.64,1.66,59450.0
2012-02-16,1.62,1.63,1.61,1.63,414143.0
2012-02-15,1.65,1.65,1.63,1.65,259600.0
2012-02-14,1.65,1.66,1.64,1.64,145958.0
2012-02-13,1.66,1.66,1.65,1.66,313386.0
2012-02-10,1.67,1.67,1.65,1.66,977743.0
2012-02-09,1.73,1.73,1.7,1.7,859194.0
2012-02-08,1.73,1.74,1.72,1.72,174993.0
2012-02-07,1.71,1.72,1.71,1.71,107712.0
2012-02-06,1.72,1.72,1.71,1.72,207691.0
2012-02-03,1.73,1.74,1.7,1.71,1123710.0
2012-02-02,1.74,1.74,1.72,1.74,1136150.0
2012-02-01,1.74,1.77,1.74,1.76,1359398.0
2012-01-31,1.69,1.73,1.69,1.72,1052727.0
2012-01-30,1.68,1.68,1.66,1.67,190435.0
2012-01-27,1.68,1.71,1.68,1.68,2449153.0
2012-01-26,1.69,1.71,1.69,1.71,352229.0
2012-01-25,1.64,1.68,1.59,1.67,1005035.0
2012-01-24,1.61,1.64,1.6,1.64,607643.0
2012-01-23,1.59,1.6,1.59,1.6,77235.0
2012-01-20,1.58,1.58,1.57,1.57,149223.0
2012-01-19,1.55,1.56,1.54,1.56,741851.0
2012-01-18,1.57,1.57,1.54,1.54,41738.0
2012-01-17,1.58,1.59,1.56,1.56,892359.0
2012-01-16,1.56,1.57,1.56,1.56,178040.0
2012-01-13,1.58,1.59,1.56,1.57,783510.0
2012-01-12,1.67,1.69,1.55,1.56,269774.0
2012-01-11,1.66,1.66,1.64,1.65,117219.0
2012-01-10,1.68,1.68,1.65,1.66,283219.0
2012-01-09,1.65,1.66,1.64,1.66,36842.0
2012-01-06,1.65,1.66,1.64,1.64,53772.0
2012-01-05,1.68,1.68,1.65,1.66,395786.0
2012-01-04,1.72,1.72,1.69,1.69,371849.0
2012-01-03,1.71,1.74,1.7,1.72,1626800.0
2011-12-30,1.69,1.69,1.68,1.69,25009.0
2011-12-29,1.68,1.7,1.68,1.69,1555277.0
2011-12-28,1.68,1.69,1.67,1.68,706065.0
2011-12-23,,,,1.62,0.0
2011-12-22,1.6,1.62,1.59,1.62,104534.0
2011-12-21,1.58,1.58,1.56,1.58,16453.0
2011-12-20,1.57,1.58,1.56,1.57,216560.0
2011-12-19,1.54,1.54,1.53,1.54,28492.0
2011-12-16,1.51,1.52,1.5,1.51,332724.0
2011-12-15,1.52,1.53,1.51,1.51,2048152.0
2011-12-14,1.56,1.56,1.52,1.52,86827.0
2011-12-13,1.55,1.56,1.55,1.56,625246.0
2011-12-12,1.54,1.54,1.53,1.54,92511.0
2011-12-09,1.55,1.56,1.53,1.53,73002.0
2011-12-08,1.55,1.55,1.54,1.55,242898.0
2011-12-07,1.59,1.59,1.58,1.58,149043.0
2011-12-06,1.57,1.58,1.57,1.57,358280.0
2011-12-05,1.62,1.63,1.62,1.63,267021.0
2011-12-02,1.6,1.64,1.6,1.62,246340.0
2011-12-01,1.61,1.62,1.61,1.61,25243.0
2011-11-30,1.59,1.64,1.58,1.64,594396.0
2011-11-29,1.56,1.58,1.54,1.58,77083.0
2011-11-28,1.55,1.57,1.55,1.55,168332.0
2011-11-25,1.54,1.55,1.52,1.55,133884.0
2011-11-24,1.55,1.56,1.54,1.55,295488.0
2011-11-23,1.56,1.56,1.53,1.54,285525.0
2011-11-22,1.59,1.6,1.58,1.58,249332.0
2011-11-21,1.58,1.59,1.57,1.57,698135.0
2011-11-18,1.6,1.6,1.57,1.58,1377045.0
2011-11-17,1.66,1.66,1.61,1.62,580509.0
2011-11-16,1.68,1.7,1.67,1.7,117532.0
2011-11-15,1.66,1.67,1.65,1.66,81081.0
2011-11-14,1.7,1.7,1.66,1.66,255849.0
2011-11-11,1.7,1.7,1.67,1.67,686390.0
2011-11-10,1.74,1.74,1.71,1.71,11690.0
2011-11-09,1.77,1.77,1.73,1.76,365774.0
2011-11-08,1.73,1.75,1.73,1.75,11491.0
2011-11-07,1.71,1.73,1.71,1.71,679766.0
2011-11-04,1.73,1.73,1.7,1.7,109252.0
2011-11-03,1.7,1.74,1.7,1.74,10253.0
2011-11-02,1.71,1.72,1.69,1.69,1267906.0
2011-11-01,1.68,1.69,1.66,1.68,358779.0
2011-10-31,1.72,1.74,1.68,1.69,225359.0
2011-10-28,1.73,1.75,1.73,1.75,131231.0
2011-10-27,1.71,1.72,1.7,1.7,372773.0
2011-10-26,1.74,1.74,1.68,1.68,43344.0
2011-10-25,1.75,1.76,1.73,1.73,66900.0
2011-10-24,1.74,1.75,1.73,1.73,153444.0
2011-10-21,1.73,1.74,1.73,1.74,340.0
2011-10-20,1.69,1.69,1.67,1.69,441260.0
2011-10-19,1.7,1.71,1.7,1.7,62287.0
2011-10-18,1.67,1.7,1.67,1.7,228892.0
2011-10-17,1.7,1.72,1.69,1.7,467742.0
2011-10-14,1.68,1.71,1.68,1.7,337131.0
2011-10-13,1.7,1.71,1.65,1.65,145763.0
2011-10-12,1.78,1.8,1.71,1.74,191935.0
2011-10-11,1.66,1.69,1.66,1.69,145459.0
2011-10-10,1.68,1.7,1.68,1.7,91288.0
2011-10-07,1.68,1.68,1.64,1.67,679987.0
2011-10-06,1.7,1.73,1.68,1.68,1188209.0
2011-10-05,1.66,1.68,1.66,1.68,613631.0
2011-10-04,1.68,1.68,1.64,1.64,496636.0
2011-10-03,1.65,1.67,1.6,1.66,903492.0
2011-09-30,1.78,1.79,1.64,1.67,1207732.0
2011-09-29,1.74,1.76,1.74,1.74,981227.0
2011-09-28,1.77,1.78,1.76,1.77,77384.0
2011-09-27,1.77,1.81,1.77,1.79,784994.0
2011-09-26,1.71,1.77,1.7,1.77,1142842.0
2011-09-23,1.72,1.76,1.72,1.74,377228.0
2011-09-22,1.78,1.78,1.74,1.77,1035797.0
2011-09-21,1.84,1.85,1.82,1.83,228045.0
2011-09-20,1.84,1.86,1.84,1.84,101619.0
2011-09-19,1.86,1.86,1.81,1.82,206206.0
2011-09-16,1.89,1.91,1.89,1.9,180517.0
2011-09-15,1.9,1.91,1.88,1.88,547275.0
2011-09-14,1.9,1.92,1.89,1.9,462841.0
2011-09-13,1.97,1.98,1.92,1.92,219980.0
2011-09-12,1.98,1.99,1.94,1.94,435390.0
2011-09-09,2.01,2.01,1.98,1.99,421597.0
2011-09-08,2.03,2.04,2.02,2.03,236328.0
2011-09-07,2.08,2.08,2.04,2.05,266218.0
2011-09-06,2.08,2.08,2.04,2.04,999151.0
2011-09-05,2.08,2.1,2.07,2.07,194918.0
2011-09-02,2.08,2.08,2.04,2.08,420429.0
2011-09-01,2.13,2.13,2.1,2.11,615040.0
2011-08-31,2.13,2.13,2.1,2.13,177799.0
2011-08-30,2.14,2.15,2.11,2.14,1816021.0
2011-08-26,,,,2.15,0.0
2011-08-25,2.1,2.12,2.09,2.12,440094.0
2011-08-24,2.12,2.14,2.11,2.14,1359315.0
2011-08-23,2.09,2.09,2.09,2.1,40000.0
2011-08-22,2.09,2.1,2.08,2.09,134116.0
2011-08-19,1.99,2.04,1.99,2.04,158720.0
2011-08-18,2.04,2.04,2.0,2.0,2261667.0
2011-08-17,2.06,2.07,2.04,2.06,1212334.0
2011-08-16,2.01,2.03,1.98,2.03,105361.0
2011-08-15,2.01,2.02,2.0,2.0,1151632.0
2011-08-12,1.98,2.01,1.98,2.01,226323.0
2011-08-11,1.96,2.05,1.96,1.98,1322232.0
2011-08-10,1.95,1.96,1.92,1.94,458782.0
2011-08-09,1.87,1.94,1.85,1.93,1024998.0
2011-08-08,1.92,1.94,1.84,1.86,1025858.0
2011-08-05,1.91,1.95,1.9,1.92,648536.0
2011-08-04,2.01,2.01,1.98,2.0,1099448.0
2011-08-03,2.04,2.05,2.02,2.02,553176.0
2011-08-02,1.94,1.94,1.9,1.92,1100636.0
2011-08-01,1.95,1.97,1.94,1.97,624326.0
2011-07-29,1.99,1.99,1.93,1.95,222887.0
2011-07-28,2.02,2.04,2.02,2.04,490382.0
2011-07-27,1.98,2.02,1.97,2.01,436451.0
2011-07-26,1.98,1.99,1.94,1.94,266498.0
2011-07-25,1.96,1.96,1.93,1.93,90388.0
2011-07-22,1.95,1.95,1.92,1.95,230181.0
2011-07-21,2.0,2.01,1.95,1.96,102600.0
2011-07-20,2.02,2.02,1.99,2.0,537944.0
2011-07-19,2.02,2.07,2.02,2.04,366779.0
2011-07-18,1.96,1.96,1.94,1.94,455741.0
2011-07-15,2.02,2.04,1.99,2.04,836349.0
2011-07-14,2.05,2.05,1.99,1.99,980237.0
2011-07-13,1.93,2.04,1.91,2.02,2266609.0
2011-07-12,1.79,1.83,1.76,1.82,1016320.0
2011-07-11,1.86,1.86,1.8,1.81,1484364.0
2011-07-08,1.82,1.86,1.81,1.86,608025.0
2011-07-07,1.79,1.8,1.77,1.8,430009.0
2011-07-06,1.82,1.82,1.77,1.8,1574483.0
2011-07-05,1.79,1.83,1.79,1.8,1131326.0
2011-07-04,1.77,1.8,1.76,1.8,257610.0
2011-07-01,1.75,1.77,1.74,1.76,2957071.0
2011-06-30,1.94,1.94,1.75,1.78,2590960.0
2011-06-29,1.94,1.98,1.94,1.94,1561834.0
2011-06-28,1.88,1.91,1.87,1.91,1665551.0
2011-06-27,1.86,1.88,1.84,1.84,1882951.0
2011-06-24,1.94,1.95,1.89,1.91,544992.0
2011-06-23,1.94,1.94,1.85,1.87,612406.0
2011-06-22,2.03,2.03,1.93,1.94,802618.0
2011-06-21,2.01,2.04,2.01,2.03,568834.0
2011-06-20,2.02,2.03,1.98,2.0,771957.0
2011-06-17,2.0,2.06,2.0,2.04,1820963.0
2011-06-16,2.1,2.12,2.08,2.1,836413.0
2011-06-15,2.18,2.19,2.15,2.17,879461.0
2011-06-14,2.21,2.22,2.14,2.14,739301.0
2011-06-13,2.27,2.28,2.22,2.24,1070664.0
2011-06-10,2.24,2.24,2.2,2.24,397926.0
2011-06-09,2.27,2.32,2.25,2.27,297066.0
2011-06-08,2.22,2.26,2.2,2.26,3893236.0
2011-06-07,2.24,2.24,2.21,2.22,1042353.0
2011-06-06,2.34,2.34,2.28,2.29,1134558.0
2011-06-03,2.33,2.34,2.3,2.3,2618841.0
2011-06-02,2.29,2.33,2.29,2.31,76168.0
2011-06-01,2.36,2.36,2.29,2.32,925416.0
2011-05-31,2.42,2.43,2.37,2.38,862410.0
2011-05-27,2.46,2.48,2.43,2.48,240071.0
2011-05-26,2.42,2.49,2.42,2.49,129824.0
2011-05-25,2.36,2.4,2.35,2.4,390660.0
2011-05-24,2.44,2.44,2.38,2.39,468052.0
2011-05-23,2.42,2.42,2.38,2.38,820030.0
2011-05-20,2.45,2.46,2.39,2.44,1198230.0
2011-05-19,2.44,2.51,2.44,2.46,2172261.0
2011-05-18,2.31,2.41,2.31,2.39,5585377.0
2011-05-17,2.21,2.23,2.21,2.21,160340.0
2011-05-16,2.22,2.23,2.21,2.23,977766.0
2011-05-13,2.22,2.25,2.22,2.23,237343.0
2011-05-12,2.28,2.28,2.19,2.19,3353691.0
2011-05-11,2.42,2.45,2.3,2.32,2661731.0
2011-05-10,2.4,2.45,2.4,2.44,1390713.0
2011-05-09,2.33,2.37,2.32,2.33,1999174.0
2011-05-06,2.25,2.33,2.23,2.3,1751709.0
2011-05-05,2.34,2.35,2.26,2.27,1386690.0
2011-05-04,2.38,2.39,2.32,2.33,1610176.0
2011-05-03,2.36,2.4,2.36,2.36,678699.0
2011-04-28,,,,2.38,0.0
2011-04-27,2.54,2.54,2.48,2.52,591015.0
2011-04-26,2.56,2.58,2.55,2.58,611795.0
2011-04-21,,,,2.49,0.0
2011-04-20,2.48,2.54,2.48,2.48,1555319.0
2011-04-19,2.45,2.5,2.44,2.48,683415.0
2011-04-18,2.34,2.44,2.34,2.44,540577.0
2011-04-15,2.33,2.35,2.31,2.34,864116.0
2011-04-14,2.38,2.38,2.32,2.33,269063.0
2011-04-13,2.4,2.42,2.39,2.4,2419813.0
2011-04-12,2.46,2.48,2.37,2.39,377190.0
2011-04-11,2.52,2.52,2.48,2.5,395432.0
2011-04-08,2.45,2.46,2.4,2.43,908944.0
2011-04-07,2.48,2.49,2.39,2.43,1086461.0
2011-04-06,2.49,2.5,2.46,2.46,1569717.0
2011-04-05,2.49,2.51,2.47,2.47,3807475.0
2011-04-04,2.42,2.47,2.42,2.45,1153054.0
2011-04-01,2.39,2.43,2.39,2.39,2400942.0
2011-03-31,2.29,2.38,2.25,2.27,1201971.0
2011-03-30,2.31,2.31,2.29,2.31,565028.0
2011-03-29,2.29,2.32,2.28,2.32,257130.0
2011-03-28,2.31,2.33,2.29,2.3,416915.0
2011-03-25,2.34,2.36,2.31,2.31,935209.0
2011-03-24,2.24,2.32,2.24,2.32,3351286.0
2011-03-23,2.28,2.3,2.23,2.24,1995816.0
2011-03-22,2.26,2.27,2.22,2.26,536163.0
2011-03-21,2.3,2.32,2.28,2.28,991888.0
2011-03-18,2.3,2.35,2.28,2.32,2081139.0
2011-03-17,2.12,2.26,2.12,2.26,594368.0
2011-03-16,2.16,2.18,2.1,2.1,5007923.0
2011-03-15,2.27,2.27,2.11,2.15,4568202.0
2011-03-14,2.29,2.29,2.23,2.27,717584.0
2011-03-11,2.32,2.32,2.22,2.29,2955546.0
2011-03-10,2.39,2.4,2.32,2.35,1068617.0
2011-03-09,2.46,2.49,2.43,2.43,302211.0
2011-03-08,2.5,2.51,2.48,2.51,2370835.0
2011-03-07,2.61,2.64,2.55,2.55,3727299.0
2011-03-04,2.6,2.64,2.6,2.6,661843.0
2011-03-03,2.56,2.58,2.56,2.58,333930.0
2011-03-02,2.54,2.61,2.54,2.59,1853758.0
2011-03-01,2.58,2.6,2.53,2.59,114491.0
2011-02-28,2.57,2.57,2.53,2.53,782004.0
2011-02-25,2.48,2.6,2.48,2.56,8408154.0
2011-02-24,2.52,2.52,2.45,2.45,8897625.0
2011-02-23,2.5,2.52,2.39,2.52,3259400.0
2011-02-22,2.74,2.74,2.56,2.56,8519471.0
2011-02-21,2.73,2.73,2.68,2.68,910882.0
2011-02-18,2.76,2.77,2.74,2.76,778530.0
2011-02-17,2.76,2.78,2.75,2.75,672162.0
2011-02-16,2.77,2.78,2.68,2.71,488100.0
2011-02-15,2.83,2.84,2.77,2.77,476349.0
2011-02-14,0.0,2.88,2.85,2.88,983494.0
2011-02-11,2.85,2.85,2.79,2.8,601385.0
2011-02-10,2.87,2.89,2.85,2.89,2566147.0
2011-02-09,2.88,2.95,2.87,2.88,429945.0
2011-02-08,2.78,2.85,2.77,2.85,129289.0
2011-02-07,2.82,2.84,2.8,2.82,578072.0
2011-02-04,2.82,2.82,2.77,2.8,389088.0
2011-02-03,2.8,2.83,2.77,2.83,630700.0
2011-02-02,2.79,2.8,2.76,2.8,363711.0
2011-02-01,2.72,2.75,2.72,2.73,178273.0
2011-01-31,2.73,2.75,2.72,2.75,91618.0
2011-01-28,2.75,2.77,2.72,2.72,462930.0
2011-01-27,2.8,2.81,2.77,2.77,562957.0
2011-01-26,2.75,2.8,2.75,2.79,2025481.0
2011-01-25,2.69,2.72,2.68,2.72,488890.0
2011-01-24,2.71,2.74,2.71,2.71,2016913.0
2011-01-21,2.61,2.68,2.59,2.68,266016.0
2011-01-20,2.59,2.6,2.56,2.56,724276.0
2011-01-19,2.62,2.65,2.61,2.63,479672.0
2011-01-18,2.58,2.59,2.56,2.58,1546248.0
2011-01-17,2.55,2.55,2.52,2.55,133745.0
2011-01-14,2.55,2.55,2.5,2.52,2142552.0
2011-01-13,2.53,2.55,2.52,2.53,292831.0
2011-01-12,2.49,2.65,2.49,2.53,349454.0
2011-01-11,2.52,2.54,2.51,2.52,193181.0
2011-01-10,2.55,2.55,2.54,2.54,147948.0
2011-01-07,2.57,2.58,2.54,2.58,164238.0
2011-01-06,2.62,2.64,2.6,2.6,100647.0
2011-01-05,2.56,2.59,2.52,2.59,127797.0
2011-01-04,2.64,2.64,2.58,2.62,1202887.0
2010-12-31,2.56,2.57,2.56,2.56,17990.0
2010-12-30,2.6,2.61,2.56,2.56,637880.0
2010-12-29,2.6,2.61,2.58,2.6,176576.0
2010-12-24,,,,2.51,0.0
2010-12-23,2.56,2.57,2.54,2.57,307005.0
2010-12-22,2.48,2.5,2.48,2.5,61550.0
2010-12-21,2.52,2.53,2.5,2.5,407643.0
2010-12-20,2.5,2.51,2.48,2.51,77818.0
2010-12-17,2.47,2.51,2.43,2.46,144163.0
2010-12-16,2.5,2.5,2.47,2.47,68700.0
2010-12-15,2.5,2.53,2.49,2.52,235165.0
2010-12-14,2.55,2.55,2.5,2.5,334902.0
2010-12-13,2.53,2.56,2.53,2.54,113418.0
2010-12-10,2.57,2.6,2.54,2.56,197594.0
2010-12-09,2.57,2.6,2.56,2.56,150065.0
2010-12-08,2.51,2.57,2.5,2.56,1332373.0
2010-12-07,2.62,2.65,2.58,2.59,1410143.0
2010-12-06,2.59,2.6,2.54,2.57,2490501.0
2010-12-03,2.5,2.55,2.5,2.53,1583538.0
2010-12-02,2.41,2.51,2.41,2.47,1076858.0
2010-12-01,2.31,2.43,2.31,2.4,1222404.0
2010-11-30,2.27,2.27,2.26,2.26,303800.0
2010-11-29,2.28,2.29,2.25,2.26,329750.0
2010-11-26,2.24,2.26,2.24,2.26,342473.0
2010-11-25,2.24,2.25,2.23,2.25,149742.0
2010-11-24,2.25,2.26,2.24,2.26,162340.0
2010-11-23,2.23,2.24,2.21,2.21,72464.0
2010-11-22,2.25,2.26,2.24,2.25,187061.0
2010-11-19,2.26,2.26,2.21,2.26,508559.0
2010-11-18,2.26,2.28,2.24,2.25,214809.0
2010-11-17,2.16,2.23,2.15,2.23,738137.0
2010-11-16,2.33,2.33,2.25,2.25,268562.0
2010-11-15,2.35,2.35,2.32,2.32,88211.0
2010-11-12,2.4,2.41,2.38,2.39,110604.0
2010-11-11,2.48,2.49,2.43,2.45,446973.0
2010-11-10,2.49,2.49,2.45,2.46,134252.0
2010-11-09,2.55,2.7,2.55,2.56,1005588.0
2010-11-08,2.5,2.51,2.5,2.5,425790.0
2010-11-05,2.46,2.49,2.44,2.48,467208.0
2010-11-04,2.42,2.48,2.41,2.46,2226761.0
2010-11-03,2.4,2.42,2.36,2.36,496502.0
2010-11-02,2.45,2.47,2.4,2.4,118096.0
2010-11-01,2.5,2.51,2.46,2.46,223488.0
2010-10-29,2.46,2.5,2.46,2.5,294373.0
2010-10-28,2.44,2.49,2.44,2.49,379908.0
2010-10-27,2.38,2.42,2.38,2.42,212467.0
2010-10-26,2.33,2.39,2.31,2.37,101050.0
2010-10-25,2.35,2.36,2.34,2.34,193465.0
2010-10-22,2.32,2.33,2.3,2.31,142156.0
2010-10-21,2.36,2.38,2.34,2.34,159790.0
2010-10-20,2.33,2.35,2.32,2.35,133811.0
2010-10-19,2.39,2.39,2.34,2.34,258232.0
2010-10-18,2.42,2.45,2.4,2.4,164269.0
2010-10-15,2.44,2.44,2.4,2.42,327309.0
2010-10-14,2.45,2.45,2.41,2.43,345482.0
2010-10-13,2.47,2.5,2.45,2.47,638971.0
2010-10-12,2.47,2.47,2.42,2.46,447262.0
2010-10-11,2.55,2.55,2.47,2.48,615937.0
2010-10-08,2.35,2.55,2.26,2.45,327281.0
2010-10-07,2.29,2.32,2.28,2.3,231522.0
2010-10-06,2.32,2.32,2.29,2.29,454677.0
2010-10-05,2.23,2.3,2.23,2.3,100124.0
2010-10-04,2.25,2.26,2.22,2.26,960458.0
2010-10-01,2.34,2.34,2.28,2.29,478378.0
2010-09-30,2.36,2.36,2.25,2.28,680191.0
2010-09-29,2.37,2.38,2.29,2.31,1767000.0
2010-09-28,2.44,2.44,2.39,2.4,144861.0
2010-09-27,2.51,2.52,2.44,2.45,300080.0
2010-09-24,2.44,2.44,2.42,2.44,81795.0
2010-09-23,2.47,2.47,2.43,2.43,202415.0
2010-09-22,2.5,2.52,2.49,2.5,264757.0
2010-09-21,2.53,2.53,2.5,2.52,429064.0
2010-09-20,2.59,2.6,2.54,2.55,564306.0
2010-09-17,2.53,2.55,2.52,2.52,828775.0
2010-09-16,2.53,2.53,2.48,2.48,381602.0
2010-09-15,2.56,2.57,2.54,2.56,236961.0
2010-09-14,2.56,2.57,2.53,2.56,700077.0
2010-09-13,2.56,2.6,2.56,2.59,1019587.0
2010-09-10,2.54,2.56,2.48,2.48,569585.0
2010-09-09,2.47,2.52,2.45,2.52,174105.0
2010-09-08,2.54,2.54,2.5,2.51,256185.0
2010-09-07,2.57,2.57,2.51,2.54,578654.0
2010-09-06,2.56,2.58,2.55,2.58,672605.0
2010-09-03,2.5,2.55,2.5,2.53,414224.0
2010-09-02,2.46,2.49,2.46,2.48,880564.0
2010-09-01,2.4,2.44,2.4,2.42,132013.0
2010-08-31,2.42,2.45,2.42,2.45,462894.0
2010-08-30,,,,2.4,0.0
2010-08-27,2.4,2.41,2.38,2.4,300612.0
2010-08-26,2.4,2.4,2.38,2.4,63946.0
2010-08-25,2.44,2.48,2.38,2.38,219176.0
2010-08-24,2.47,2.48,2.44,2.46,555445.0
2010-08-23,2.5,2.52,2.48,2.51,711141.0
2010-08-20,2.5,2.5,2.44,2.45,977392.0
2010-08-19,2.42,2.52,2.42,2.49,1074337.0
2010-08-18,2.37,2.39,2.35,2.38,5740784.0
2010-08-17,2.44,2.46,2.4,2.43,293075.0
2010-08-16,2.55,2.56,2.51,2.52,453666.0
2010-08-13,2.61,2.61,2.58,2.6,98980.0
2010-08-12,2.54,2.68,2.54,2.6,2476832.0
2010-08-11,2.53,2.54,2.45,2.5,583273.0
2010-08-10,2.59,2.59,2.5,2.57,1310988.0
2010-08-09,2.6,2.65,2.5,2.6,2842797.0
2010-08-06,3.02,3.04,2.65,2.71,4851479.0
2010-08-05,2.67,2.9,2.67,2.83,5077611.0
2010-08-04,2.48,2.61,2.48,2.56,2058623.0
2010-08-03,2.51,2.51,2.44,2.46,1035808.0
2010-08-02,2.44,2.56,2.42,2.49,6490665.0
2010-07-30,2.28,2.36,2.28,2.36,1350056.0
2010-07-29,2.24,2.27,2.23,2.27,423049.0
2010-07-28,2.16,2.23,2.15,2.21,311313.0
2010-07-27,2.12,2.18,2.11,2.14,286250.0
2010-07-26,2.15,2.16,2.11,2.12,210668.0
2010-07-23,2.15,2.18,2.15,2.16,159627.0
2010-07-22,2.11,2.2,2.11,2.18,422418.0
2010-07-21,2.09,2.13,2.09,2.13,1625919.0
2010-07-20,2.09,2.09,2.07,2.08,384702.0
2010-07-19,2.15,2.15,2.08,2.08,384410.0
2010-07-16,2.13,2.16,2.1,2.1,1790992.0
2010-07-15,2.03,2.16,2.02,2.12,1485259.0
2010-07-14,1.98,2.04,1.98,2.04,546708.0
2010-07-13,1.93,1.95,1.92,1.95,309543.0
2010-07-12,1.95,1.96,1.93,1.93,407683.0
2010-07-09,1.97,1.97,1.93,1.94,842266.0
2010-07-08,1.9,1.95,1.9,1.92,256147.0
2010-07-07,1.83,1.89,1.83,1.89,592128.0
2010-07-06,1.84,1.9,1.84,1.87,544962.0
2010-07-05,1.81,1.83,1.8,1.83,114973.0
2010-07-02,1.79,1.83,1.79,1.83,909947.0
2010-07-01,1.72,1.76,1.72,1.76,426861.0
2010-06-30,1.66,1.73,1.66,1.73,28700.0
2010-06-29,1.66,1.66,1.65,1.66,483980.0
2010-06-28,1.7,1.7,1.68,1.68,36297.0
2010-06-25,1.74,1.74,1.71,1.71,131448.0
2010-06-24,1.73,1.74,1.73,1.74,37550.0
2010-06-23,1.72,1.74,1.72,1.74,20324.0
2010-06-22,1.72,1.72,1.71,1.71,62703.0
2010-06-21,1.76,1.76,1.71,1.71,1652765.0
2010-06-18,1.73,1.75,1.73,1.75,76301.0
2010-06-17,1.74,1.74,1.71,1.71,78348.0
2010-06-16,1.7,1.74,1.7,1.74,201951.0
2010-06-15,1.67,1.69,1.67,1.69,156199.0
2010-06-14,1.67,1.68,1.66,1.66,187688.0
2010-06-11,1.63,1.64,1.61,1.61,238412.0
2010-06-10,1.62,1.64,1.6,1.63,153037.0
2010-06-09,1.63,1.64,1.62,1.64,43253.0
2010-06-08,1.64,1.64,1.62,1.64,34457.0
2010-06-07,1.64,1.64,1.63,1.64,249345.0
2010-06-04,1.67,1.67,1.65,1.65,70123.0
2010-06-03,1.67,1.68,1.66,1.67,283338.0
2010-06-02,1.7,1.71,1.69,1.71,168120.0
2010-06-01,1.71,1.71,1.69,1.71,233647.0
2010-05-31,,,,1.76,0.0
2010-05-28,1.75,1.76,1.75,1.76,117234.0
2010-05-27,1.75,1.76,1.75,1.76,331299.0
2010-05-26,1.74,1.76,1.74,1.74,79455.0
2010-05-25,1.74,1.74,1.72,1.74,495669.0
2010-05-24,1.76,1.78,1.75,1.78,129328.0
2010-05-21,1.75,1.77,1.74,1.77,165038.0
2010-05-20,1.76,1.77,1.74,1.75,104123.0
2010-05-19,1.76,1.77,1.74,1.77,262630.0
2010-05-18,1.78,1.78,1.76,1.77,116100.0
2010-05-17,1.76,1.78,1.76,1.76,793080.0
2010-05-14,1.8,1.8,1.77,1.77,74636.0
2010-05-13,1.85,1.85,1.82,1.82,227600.0
2010-05-11,1.85,1.87,1.83,1.87,196675.0
2010-05-10,1.92,1.93,1.88,1.88,515528.0
2010-05-07,1.9,1.91,1.89,1.9,1372226.0
2010-05-06,1.9,1.92,1.88,1.9,1617150.0
2010-05-05,1.91,1.92,1.9,1.92,358012.0
2010-05-04,1.88,1.89,1.87,1.89,1795500.0
2010-05-03,,,,1.87,0.0
2010-04-30,1.88,1.88,1.86,1.87,50253.0
2010-04-29,1.85,1.9,1.84,1.89,229510.0
2010-04-28,1.84,1.86,1.84,1.85,301545.0
2010-04-27,1.85,1.85,1.83,1.83,244740.0
2010-04-26,1.93,1.94,1.9,1.9,122484.0
2010-04-23,1.9,1.92,1.9,1.92,284541.0
2010-04-22,1.87,1.89,1.86,1.89,206930.0
2010-04-21,1.87,1.88,1.87,1.88,173615.0
2010-04-16,1.86,1.87,1.85,1.86,3647207.0
2010-04-15,1.83,1.86,1.83,1.85,78127.0
2010-04-14,1.83,1.84,1.83,1.83,91132.0
2010-04-13,1.8,1.84,1.8,1.84,197002.0
2010-04-12,1.81,1.83,1.8,1.8,456859.0
2010-04-09,1.83,1.85,1.8,1.8,148791.0
2010-04-08,1.82,1.82,1.82,1.82,818312.0
2010-04-07,1.8,1.8,1.77,1.77,973278.0
2010-04-06,1.75,1.8,1.74,1.8,114421.0
2010-04-05,,,,1.75,0.0
2010-04-02,,,,1.75,0.0
2010-04-01,1.77,1.77,1.75,1.75,410915.0
2010-03-31,1.82,1.84,1.77,1.77,238508.0
2010-03-30,1.81,1.81,1.8,1.8,248001.0
2010-03-29,1.82,1.82,1.8,1.82,216580.0
2010-03-26,1.81,1.82,1.8,1.8,317495.0
2010-03-25,1.84,1.84,1.81,1.82,233850.0
2010-03-24,1.84,1.84,1.83,1.84,248952.0
2010-03-23,1.89,1.89,1.86,1.87,273367.0
2010-03-22,1.87,1.87,1.87,1.87,6000.0
2010-03-19,1.89,1.9,1.87,1.88,385682.0
2010-03-18,1.9,1.9,1.88,1.88,86474.0
2010-03-17,1.89,1.91,1.88,1.91,1058111.0
2010-03-16,1.86,1.89,1.85,1.88,508850.0
2010-03-15,1.87,1.88,1.85,1.86,192259.0
2010-03-12,1.86,1.88,1.86,1.87,291868.0
2010-03-11,1.86,1.87,1.85,1.86,1002425.0
2010-03-10,1.88,1.9,1.88,1.89,459894.0
2010-03-09,1.91,1.91,1.88,1.89,683849.0
2010-03-08,1.92,1.93,1.91,1.92,937450.0
2010-03-05,1.96,1.96,1.94,1.94,77550.0
2010-03-04,1.97,1.98,1.94,1.94,261878.0
2010-03-03,1.96,1.97,1.95,1.98,524634.0
2010-03-02,1.95,1.96,1.94,1.94,137945.0
2010-03-01,2.02,2.02,1.98,1.99,241167.0
2010-02-26,1.96,2.01,1.94,2.01,864251.0
2010-02-25,1.97,1.97,1.94,1.94,883453.0
2010-02-24,1.96,1.99,1.95,1.99,267692.0
2010-02-23,1.99,1.99,1.96,1.98,423294.0
2010-02-22,1.96,1.97,1.94,1.94,178272.0
2010-02-19,1.91,1.94,1.91,1.94,116060.0
2010-02-18,1.97,1.97,1.94,1.95,68302.0
2010-02-17,2.01,2.01,2.0,1.98,462460.0
2010-02-16,1.97,2.02,1.97,2.02,664066.0
2010-02-15,1.95,1.95,1.95,1.95,115060.0
2010-02-12,1.98,1.98,1.92,1.92,31288.0
2010-02-11,1.97,1.98,1.95,1.95,239486.0
2010-02-10,1.94,1.94,1.92,1.94,218654.0
2010-02-09,1.94,1.98,1.92,1.92,569552.0
2010-02-08,1.92,1.93,1.9,1.93,126460.0
2010-02-05,1.88,1.9,1.88,1.89,400938.0
2010-02-04,1.89,1.9,1.87,1.89,457171.0
2010-02-03,1.96,1.98,1.91,1.91,414978.0
2010-02-02,1.9,1.94,1.9,1.94,1486090.0
2010-02-01,1.9,1.92,1.9,1.93,585744.0
2010-01-29,1.94,1.95,1.92,1.92,63590.0
2010-01-28,1.94,1.95,1.92,1.94,476364.0
2010-01-27,1.97,1.97,1.95,1.96,732926.0
2010-01-26,1.98,1.98,1.97,1.98,772613.0
2010-01-25,2.0,2.01,1.99,1.99,578641.0
2010-01-22,1.98,2.0,1.96,2.0,616069.0
2010-01-21,1.99,2.0,1.98,2.0,278580.0
2010-01-20,1.98,1.98,1.94,1.95,457402.0
2010-01-19,2.04,2.05,1.99,2.02,1022027.0
2010-01-18,2.05,2.06,2.05,2.06,158308.0
2010-01-15,2.09,2.1,2.06,2.06,392085.0
2010-01-14,2.12,2.14,2.11,2.11,173502.0
2010-01-13,2.13,2.13,2.08,2.11,456804.0
2010-01-12,2.27,2.27,2.14,2.15,310758.0
2010-01-11,2.28,2.29,2.27,2.27,770067.0
2010-01-08,2.22,2.24,2.22,2.23,222053.0
2010-01-07,2.24,2.26,2.24,2.25,302739.0
2010-01-06,2.22,2.23,2.21,2.2,259703.0
2010-01-05,2.24,2.24,2.22,2.24,1107466.0
2010-01-04,2.2,2.24,2.2,2.23,505233.0
2010-01-01,,,,2.2,0.0
2009-12-31,2.19,2.19,2.19,2.2,192172.0
2009-12-30,2.18,2.19,2.17,2.19,95377.0
2009-12-29,2.18,2.22,2.16,2.18,952266.0
2009-12-28,,,,2.1,0.0
2009-12-25,,,,2.1,0.0
2009-12-24,2.12,2.12,2.1,2.1,207530.0
2009-12-23,2.09,2.11,2.09,2.1,2736320.0
2009-12-22,2.08,2.09,2.06,2.06,173979.0
2009-12-21,2.11,2.12,2.1,2.1,84329.0
2009-12-18,2.09,2.1,2.06,2.08,403655.0
2009-12-17,2.13,2.14,2.1,2.1,872613.0
2009-12-16,2.14,2.16,2.14,2.14,560500.0
2009-12-15,2.17,2.17,2.15,2.16,24147.0
2009-12-14,2.13,2.15,2.13,2.18,209242.0
2009-12-11,2.18,2.18,2.12,2.12,131000.0
2009-12-10,2.15,2.15,2.12,2.13,313620.0
2009-12-09,2.15,2.17,2.15,2.17,210588.0
2009-12-08,2.2,2.21,2.17,2.17,247040.0
2009-12-07,2.24,2.24,2.2,2.21,348024.0
2009-12-04,2.29,2.3,2.23,2.23,314999.0
2009-12-03,2.32,2.32,2.3,2.3,172799.0
2009-12-02,2.33,2.34,2.29,2.31,94275.0
2009-12-01,2.35,2.39,2.34,2.38,303420.0
2009-11-30,2.31,2.33,2.3,2.31,620041.0
2009-11-27,2.21,2.26,2.21,2.26,320757.0
2009-11-26,2.3,2.3,2.28,2.28,58624.0
2009-11-25,2.24,2.28,2.23,2.28,478928.0
2009-11-24,2.3,2.31,2.22,2.22,249564.0
2009-11-23,2.35,2.4,2.35,2.37,499383.0
2009-11-20,2.34,2.35,2.3,2.32,857188.0
2009-11-19,2.33,2.33,2.29,2.32,589112.0
2009-11-18,2.36,2.41,2.36,2.38,661817.0
2009-11-17,2.32,2.35,2.3,2.35,1195682.0
2009-11-16,2.25,2.31,2.25,2.3,856436.0
2009-11-13,2.21,2.24,2.2,2.23,250696.0
2009-11-12,2.19,2.2,2.17,2.2,1161251.0
2009-11-11,2.17,2.21,2.17,2.18,623691.0
2009-11-10,2.13,2.16,2.11,2.11,370681.0
2009-11-09,2.1,2.11,2.09,2.11,359823.0
2009-11-06,2.13,2.14,2.1,2.1,208101.0
2009-11-05,2.15,2.16,2.13,2.16,415589.0
2009-11-04,2.17,2.19,2.12,2.13,704481.0
2009-11-03,2.12,2.15,2.1,2.13,4385637.0
2009-11-02,2.06,2.09,2.04,2.08,313335.0
2009-10-30,2.1,2.11,2.05,2.06,219329.0
2009-10-29,2.06,2.12,2.06,2.12,914742.0
2009-10-28,2.11,2.12,2.04,2.1,1644813.0
2009-10-27,2.2,2.2,2.13,2.14,1221787.0
2009-10-26,2.31,2.32,2.2,2.22,1789156.0
2009-10-23,2.32,2.39,2.32,2.34,1525568.0
2009-10-22,2.23,2.28,2.22,2.28,408969.0
2009-10-21,2.16,2.2,2.14,2.2,2504995.0
2009-10-20,2.18,2.18,2.14,2.15,504101.0
2009-10-19,2.1,2.13,2.1,2.13,654709.0
2009-10-16,2.11,2.12,2.07,2.07,1496086.0
2009-10-15,2.12,2.12,2.07,2.08,1691552.0
2009-10-14,2.13,2.2,2.13,2.18,1988515.0
2009-10-13,2.02,2.09,2.02,2.06,1296828.0
2009-10-12,1.99,2.02,1.98,2.02,244958.0
2009-10-09,1.96,1.97,1.94,1.96,183147.0
2009-10-08,1.95,1.98,1.94,1.98,738340.0
2009-10-07,1.93,1.94,1.9,1.9,749130.0
2009-10-06,1.87,1.96,1.86,1.94,1580857.0
2009-10-05,1.84,1.85,1.83,1.84,1763252.0
2009-10-02,1.88,1.89,1.85,1.85,1507386.0
2009-10-01,1.88,1.88,1.86,1.88,765561.0
2009-09-30,1.86,1.9,1.83,1.83,3132803.0
2009-09-29,1.92,1.92,1.88,1.88,113638.0
2009-09-28,1.88,1.92,1.88,1.92,1314254.0
2009-09-25,1.97,1.97,1.96,1.96,696055.0
2009-09-24,1.91,1.92,1.9,1.92,300839.0
2009-09-23,1.89,1.94,1.88,1.92,1048210.0
2009-09-22,1.91,1.93,1.91,1.91,187091.0
2009-09-21,1.9,1.91,1.88,1.89,1323841.0
2009-09-18,1.93,1.94,1.91,1.92,3828106.0
2009-09-17,1.94,1.99,1.93,1.94,1222789.0
2009-09-16,1.95,1.96,1.93,1.93,819290.0
2009-09-15,1.89,2.0,1.89,1.95,1141147.0
2009-09-14,1.92,1.93,1.91,1.92,666447.0
2009-09-11,1.92,1.95,1.88,1.88,2289857.0
2009-09-10,1.91,1.92,1.89,1.91,706493.0
2009-09-09,1.9,1.93,1.88,1.92,1445439.0
2009-09-08,1.98,1.98,1.94,1.94,1790409.0
2009-09-07,1.98,2.0,1.96,1.98,426698.0
2009-09-04,1.99,2.01,1.97,1.99,1496264.0
2009-09-03,2.02,2.05,2.0,2.02,5082517.0
2009-09-01,2.1,2.1,2.02,2.03,1581735.0
2009-08-28,2.1,2.12,2.1,2.12,1061110.0
2009-08-27,2.12,2.14,2.07,2.12,374484.0
2009-08-26,2.09,2.13,2.09,2.11,3019945.0
2009-08-25,2.07,2.14,2.07,2.08,367750.0
2009-08-24,2.04,2.06,2.02,2.05,564410.0
2009-08-21,2.07,2.12,2.06,2.06,2131695.0
2009-08-20,2.07,2.07,2.06,2.06,151143.0
2009-08-19,2.07,2.09,2.06,2.09,363223.0
2009-08-18,2.1,2.1,2.08,2.09,1311027.0
2009-08-17,2.11,2.12,2.07,2.08,1293109.0
2009-08-14,2.13,2.14,2.1,2.14,1482618.0
2009-08-13,2.16,2.19,2.12,2.13,8050.0
2009-08-12,2.14,2.16,2.1,2.12,1508001.0
2009-08-10,2.16,2.21,2.14,2.2,1779536.0
2009-08-07,2.21,2.24,2.19,2.2,1201706.0
2009-08-06,2.3,2.32,2.26,2.26,1245658.0
2009-08-05,2.4,2.42,2.36,2.37,1181719.0
2009-08-04,2.4,2.4,2.38,2.4,772200.0
2009-08-03,2.34,2.44,2.34,2.41,2499045.0
2009-07-31,2.3,2.32,2.28,2.29,1101480.0
2009-07-30,2.27,2.42,2.27,2.31,1316009.0
2009-07-29,2.27,2.3,2.24,2.25,888435.0
2009-07-28,2.31,2.33,2.27,2.28,803929.0
2009-07-27,2.28,2.3,2.26,2.3,250000.0
2009-07-24,2.35,2.36,2.31,2.31,230252.0
2009-07-23,2.31,2.33,2.3,2.32,701006.0
2009-07-22,2.34,2.34,2.24,2.28,981400.0
2009-07-21,2.4,2.4,2.36,2.38,116595.0
2009-07-20,2.42,2.44,2.38,2.4,219100.0
2009-07-17,2.37,2.38,2.35,2.35,260365.0
2009-07-16,2.36,2.4,2.32,2.4,288964.0
2009-07-15,2.34,2.41,2.34,2.4,451302.0
2009-07-14,2.39,2.4,2.34,2.34,336762.0
2009-07-13,2.28,2.32,2.28,2.32,103218.0
2009-07-10,,,,2.32,0.0
2009-07-09,2.27,2.34,2.27,2.32,498366.0
2009-07-08,2.27,2.28,2.25,2.28,18660.0
2009-07-07,2.31,2.32,2.28,2.31,575563.0
2009-07-06,2.32,2.33,2.29,2.32,634811.0
2009-07-03,2.36,2.37,2.32,2.36,224252.0
2009-07-02,2.38,2.38,2.33,2.35,777631.0
2009-07-01,2.39,2.43,2.34,2.34,164774.0
2009-06-30,2.48,2.52,2.32,2.38,1363706.0
2009-06-29,2.46,2.5,2.46,2.46,650300.0
2009-06-26,2.49,2.5,2.46,2.47,240858.0
2009-06-24,2.54,2.57,2.54,2.57,589650.0
2009-06-23,2.55,0.0,0.0,2.52,124876.0
2009-06-22,2.56,0.0,0.0,2.54,1007802.0
2009-06-19,2.61,0.0,0.0,2.6,267000.0
2009-06-18,2.63,2.64,2.6,2.6,59996.0
2009-06-17,2.6,2.63,2.6,2.63,14578.0
2009-06-16,2.68,2.7,2.66,2.66,67880.0
2009-06-15,2.67,2.68,2.65,2.66,101757.0
2009-06-12,2.72,2.74,2.67,2.68,372300.0
2009-06-11,2.82,2.82,2.77,2.78,145340.0
2009-06-10,2.81,2.88,2.77,2.78,41600.0
2009-06-09,2.78,2.83,2.77,2.82,60301.0
2009-06-08,2.87,2.89,2.8,2.8,184120.0
2009-06-05,2.93,2.93,2.9,2.88,67501.0
2009-06-04,2.89,2.96,2.88,2.93,178745.0
2009-06-03,3.05,3.05,2.97,2.96,603970.0
2009-06-02,3.06,3.08,3.06,3.07,332230.0
2009-06-01,3.02,3.05,2.98,3.06,134233.0
2009-05-29,2.93,2.97,2.93,2.97,186780.0
2009-05-28,2.86,2.9,2.86,2.97,318554.0
2009-05-27,2.84,2.86,2.84,2.85,426659.0
2009-05-26,2.82,2.83,2.79,2.83,145420.0
2009-05-22,2.77,2.8,2.77,2.8,668088.0
2009-05-21,2.78,2.78,2.72,2.74,272203.0
2009-05-20,2.73,2.77,2.72,2.76,51218.0
2009-05-19,2.74,2.8,2.72,2.72,218077.0
2009-05-18,2.64,2.64,2.64,2.68,7700.0
2009-05-15,2.72,2.74,2.71,2.7,419592.0
2009-05-14,2.7,2.71,2.66,2.71,118826.0
2009-05-13,2.76,2.76,2.73,2.72,2577.0
2009-05-12,2.74,2.74,2.71,2.72,251538.0
2009-05-11,2.71,2.73,2.7,2.72,298450.0
2009-05-08,2.66,2.71,2.66,2.71,416808.0
2009-05-07,2.6,2.61,2.6,2.63,138127.0
2009-05-06,2.56,2.57,2.55,2.55,64200.0
2009-05-05,2.56,2.57,2.56,2.56,83965.0
2009-05-01,2.5,2.56,2.5,2.55,140842.0
2009-04-30,2.48,2.5,2.47,2.48,215311.0
2009-04-29,2.45,2.45,2.45,2.44,45597.0
2009-04-28,2.4,2.41,2.4,2.41,101000.0
2009-04-27,2.44,2.49,2.44,2.46,12798.0
2009-04-24,2.5,2.51,2.48,2.5,61760.0
2009-04-23,2.44,2.51,2.44,2.5,220000.0
2009-04-22,2.43,2.43,2.43,2.42,730.0
2009-04-21,0.0,0.0,0.0,2.41,2682.0
2009-04-20,2.45,2.45,2.4,2.39,40059.0
2009-04-17,2.49,2.5,2.47,2.49,4310.0
2009-04-16,,,,2.44,0.0
2009-04-15,2.48,2.5,2.45,2.46,71700.0
2009-04-14,2.47,2.49,2.47,2.49,14276.0
2009-04-10,,,,2.49,0.0
2009-04-09,2.5,2.5,2.5,2.49,2000.0
2009-04-08,,,,2.54,0.0
2009-04-07,2.64,2.64,2.57,2.62,343999.0
2009-04-06,2.69,2.7,2.63,2.64,64540.0
2009-04-03,2.58,2.65,2.58,2.62,66000.0
2009-04-02,2.5,2.58,2.49,2.58,107500.0
2009-04-01,2.48,2.48,2.48,2.45,71660.0
2009-03-31,2.42,2.43,2.42,2.42,63680.0
2009-03-30,2.4,2.4,2.36,2.38,7971.0
2009-03-27,2.43,2.43,2.38,2.4,120800.0
2009-03-26,2.43,2.43,2.4,2.41,20682.0
2009-03-25,2.56,2.56,2.47,2.46,51800.0
2009-03-24,2.61,2.61,2.57,2.52,13450.0
2009-03-23,2.63,2.64,2.62,2.62,81300.0
2009-03-20,2.64,2.68,2.57,2.56,157800.0
2009-03-19,2.57,2.61,2.57,2.62,10800.0
2009-03-18,2.6,2.62,2.6,2.56,15700.0
2009-03-17,2.56,2.6,2.56,2.6,151530.0
2009-03-16,2.42,2.49,2.42,2.55,103243.0
2009-03-13,2.49,2.49,2.44,2.44,474700.0
2009-03-12,2.43,2.44,2.42,2.44,9400.0
2009-03-11,2.5,2.55,2.44,2.46,27911.0
2009-03-10,2.49,2.52,2.48,2.53,8391.0
2009-03-09,2.53,2.53,2.48,2.48,10350.0
2009-03-06,2.5,2.5,2.46,2.46,7806.0
2009-03-05,2.44,2.44,2.44,2.43,10000.0
2009-03-04,2.45,2.45,2.45,2.45,35000.0
2009-03-03,2.4,2.4,2.36,2.36,148300.0
2009-03-02,2.4,2.4,2.39,2.39,7288.0
2009-02-27,2.44,2.46,2.44,2.46,27439.0
2009-02-26,2.53,2.53,2.5,2.54,370980.0
2009-02-25,2.5,2.5,2.5,2.5,14000.0
2009-02-24,2.46,2.46,2.42,2.44,7415.0
2009-02-20,2.52,2.52,2.44,2.45,44400.0
2009-02-19,2.48,2.51,2.48,2.51,32629.0
2009-02-18,2.49,2.49,2.47,2.48,7495.0
2009-02-17,2.58,2.59,2.51,2.52,172636.0
2009-02-16,2.62,2.63,2.62,2.6,69350.0
2009-02-13,2.62,2.64,2.62,2.62,112785.0
2009-02-12,2.62,2.64,2.62,2.64,14809.0
2009-02-11,2.66,2.68,2.65,2.66,344404.0
2009-02-09,2.7,2.77,2.7,2.76,206180.0
2009-02-06,2.72,2.8,2.7,2.73,145169.0
2009-02-05,2.69,2.69,2.69,2.7,1910.0
2009-02-04,2.7,2.71,2.63,2.62,114041.0
2009-02-03,2.71,2.71,2.71,2.7,10000.0
2009-02-02,2.75,2.75,2.68,2.69,134850.0
2009-01-30,2.8,2.8,2.76,2.81,121362.0
2009-01-29,2.84,2.84,2.8,2.8,104960.0
2009-01-28,2.82,2.86,2.81,2.85,1342201.0
2009-01-27,2.9,2.9,2.83,2.86,381729.0
2009-01-26,2.82,2.9,2.82,2.93,114350.0
2009-01-23,2.7,2.84,2.7,2.85,487142.0
2009-01-22,2.78,2.79,2.72,2.72,938463.0
2009-01-21,2.68,2.69,2.68,2.69,57710.0
2009-01-20,2.8,2.8,2.76,2.75,211800.0
2009-01-19,2.86,2.86,2.75,2.8,12000.0
2009-01-16,2.78,2.78,2.78,2.82,7816.0
2009-01-15,2.76,2.79,2.73,2.78,207023.0
2009-01-14,2.78,2.81,2.76,2.8,113299.0
2009-01-13,2.78,2.84,2.72,2.83,113200.0
2009-01-12,3.05,3.05,2.79,2.8,85883.0
2009-01-09,2.99,3.01,2.98,3.02,369000.0
2009-01-08,2.92,2.95,2.9,2.95,495995.0
2009-01-07,3.07,3.09,2.98,3.03,361220.0
2009-01-06,2.99,3.09,2.99,3.05,2145555.0
2009-01-05,2.92,2.93,2.89,2.9,27010.0
2009-01-02,2.87,2.91,2.87,2.96,5267.0
2009-01-01,,,,2.87,0.0
2008-12-31,2.9,2.9,2.9,2.87,5500.0
2008-12-30,2.88,2.92,2.86,2.88,26110.0
2008-12-29,2.97,2.99,2.96,2.96,66929.0
2008-12-26,,,,2.79,0.0
2008-12-25,,,,2.79,0.0
2008-12-24,2.75,2.8,2.75,2.79,18771.0
2008-12-23,2.72,2.72,2.66,2.71,822328.0
2008-12-22,2.72,2.73,2.72,2.72,326367.0
2008-12-19,2.66,2.75,2.66,2.71,6852.0
2008-12-18,2.7,2.75,2.7,2.7,111300.0
2008-12-17,2.68,2.7,2.62,2.62,60823.0
2008-12-16,2.5,2.56,2.5,2.58,10094.0
2008-12-15,2.52,2.57,2.52,2.54,101880.0
2008-12-12,2.4,2.42,2.38,2.42,72064.0
2008-12-11,2.45,2.45,2.44,2.47,3790.0
2008-12-10,2.36,2.41,2.36,2.42,51700.0
2008-12-09,2.36,2.4,2.36,2.39,103620.0
2008-12-08,2.37,2.4,2.37,2.39,35400.0
2008-12-05,2.33,2.36,2.28,2.3,217200.0
2008-12-04,2.48,2.5,2.39,2.4,147502.0
2008-12-03,2.56,2.56,2.55,2.57,6132.0
2008-12-02,2.58,2.58,2.57,2.55,64575.0
2008-12-01,2.68,2.68,2.6,2.53,33683.0
2008-11-27,2.62,2.62,2.62,2.66,25470.0
2008-11-26,2.66,2.66,2.66,2.67,1810.0
2008-11-25,2.73,2.73,2.66,2.67,6200.0
2008-11-24,2.54,2.7,2.53,2.72,58100.0
2008-11-21,2.52,2.57,2.52,2.54,13839.0
2008-11-20,2.61,2.61,2.61,2.55,700.0
2008-11-18,2.65,2.65,2.65,2.73,1270.0
2008-11-17,2.76,2.79,2.75,2.74,298274.0
2008-11-14,2.74,2.74,2.71,2.75,131800.0
2008-11-13,2.62,2.62,2.62,2.78,1451.0
2008-11-12,2.62,2.62,2.58,2.65,108400.0
2008-11-11,2.62,2.62,2.57,2.57,14214.0
2008-11-10,2.7,2.7,2.62,2.58,117900.0
2008-11-06,2.68,2.68,2.67,2.61,108420.0
2008-11-05,2.86,2.86,2.74,2.72,216200.0
2008-11-04,2.75,2.9,2.75,2.89,43224.0
2008-11-03,2.68,2.75,2.68,2.86,67170.0
2008-10-31,2.7,2.7,2.67,2.67,25920.0
2008-10-30,2.88,2.88,2.71,2.71,66898.0
2008-10-29,2.6,2.9,2.6,2.95,210800.0
2008-10-28,2.73,2.73,2.67,2.62,102680.0
2008-10-27,2.54,2.57,2.52,2.65,55000.0
2008-10-24,2.6,2.6,2.5,2.62,513318.0
2008-10-23,2.62,2.62,2.62,2.68,61600.0
2008-10-22,2.75,2.75,2.65,2.68,150246.0
2008-10-21,2.81,2.81,2.78,2.78,10741.0
2008-10-20,2.84,2.84,2.84,2.82,1000.0
2008-10-17,2.83,2.83,2.78,2.81,30540.0
2008-10-16,2.72,2.74,2.72,2.74,122225.0
2008-10-15,2.87,2.88,2.82,2.82,42110.0
2008-10-14,3.03,3.03,2.91,2.96,61400.0
2008-10-13,2.75,2.94,2.75,2.94,27375.0
2008-10-10,2.92,2.93,2.79,2.79,217310.0
2008-10-09,3.06,3.06,3.06,3.03,2415.0
2008-10-08,3.02,3.02,2.9,3.04,52230.0
2008-10-07,3.02,3.03,2.97,3.04,41679.0
2008-10-06,3.04,3.07,2.98,3.07,74672.0
2008-10-03,3.2,3.26,3.16,3.24,45888.0
2008-10-02,3.3,3.31,3.3,3.22,110510.0
2008-10-01,3.38,3.38,3.3,3.36,492450.0
2008-09-30,3.35,3.38,3.31,3.35,123017.0
2008-09-29,3.5,3.5,3.29,3.29,17383.0
2008-09-26,3.55,3.71,3.55,3.64,23223.0
2008-09-25,3.6,3.65,3.59,3.65,122193.0
2008-09-24,3.65,3.79,3.65,3.69,48986.0
2008-09-23,3.35,3.6,3.35,3.56,618077.0
2008-09-22,3.11,3.38,3.11,3.35,31800.0
2008-09-19,,,,3.1,0.0
2008-09-18,,,,3.1,0.0
2008-09-17,,,,3.1,0.0
2008-09-16,3.24,3.24,3.1,3.1,5185.0
2008-09-15,3.64,3.64,3.5,3.63,323686.0
2008-09-12,3.69,3.7,3.68,3.63,108809.0
2008-09-11,3.64,3.65,3.58,3.68,195257.0
2008-09-10,3.67,3.72,3.64,3.62,246119.0
2008-09-09,3.66,3.67,3.63,3.66,4501292.0
2008-09-08,3.82,3.82,3.77,3.77,120402.0
2008-09-05,3.84,3.84,3.75,3.76,474120.0
2008-09-04,3.92,3.94,3.92,3.9,116636.0
2008-09-03,3.86,3.87,3.82,3.85,81061.0
2008-09-02,3.94,3.94,3.82,3.84,3460134.0
2008-09-01,4.0,4.0,4.0,3.93,122398.0
2008-08-29,4.06,4.1,4.06,4.07,71466.0
2008-08-28,4.16,4.16,4.1,4.09,242659.0
2008-08-27,4.34,4.34,4.16,4.16,417149.0
2008-08-26,4.31,4.33,4.2,4.3,356278.0
2008-08-22,4.58,4.62,4.53,4.54,361320.0
2008-08-21,4.55,4.79,4.53,4.71,386908.0
2008-08-20,4.42,4.47,4.41,4.46,117648.0
2008-08-19,4.38,4.48,4.38,4.5,150881.0
2008-08-18,4.32,4.4,4.31,4.45,586794.0
2008-08-15,4.36,4.36,4.33,4.27,123309.0
2008-08-14,4.48,4.54,4.4,4.45,739445.0
2008-08-13,4.12,4.25,4.11,4.24,160241.0
2008-08-12,4.11,4.13,4.04,4.06,1098390.0
2008-08-11,3.99,4.06,3.94,4.09,126079.0
2008-08-08,4.2,4.21,4.15,4.1,116491.0
2008-08-07,4.0,4.13,3.99,4.17,161768.0
2008-08-06,4.05,4.08,3.96,3.93,316421.0
2008-08-05,3.91,3.98,3.86,3.96,999273.0
2008-08-04,4.11,4.11,3.93,3.93,210668.0
2008-08-01,4.07,4.09,4.06,4.14,13434.0
2008-07-31,4.1,4.11,4.06,4.14,165680.0
2008-07-30,4.08,4.1,4.05,4.07,723559.0
2008-07-29,4.06,4.06,4.06,4.06,202215.0
2008-07-28,4.27,4.28,4.22,4.22,347855.0
2008-07-25,4.1,4.1,4.08,4.12,154445.0
2008-07-24,4.09,4.11,4.07,4.09,143806.0
2008-07-23,4.08,4.08,4.03,4.04,114087.0
2008-07-22,4.1,4.1,4.08,4.13,89355.0
2008-07-21,4.13,4.15,4.08,4.11,811985.0
2008-07-18,4.21,4.21,4.16,4.24,364998.0
2008-07-17,4.28,4.31,4.27,4.28,178784.0
2008-07-16,4.17,4.18,4.15,4.18,4556613.0
2008-07-15,4.26,4.29,4.19,4.2,2794484.0
2008-07-14,4.26,4.26,4.22,4.26,2264925.0
2008-07-11,4.24,4.3,4.24,4.22,332912.0
2008-07-10,4.29,4.29,4.24,4.25,16003.0
2008-07-09,4.36,4.36,4.28,4.27,367359.0
2008-07-08,4.33,4.34,4.23,4.28,114028.0
2008-07-07,4.5,4.5,4.3,4.32,166158.0
2008-07-03,4.55,4.57,4.52,4.59,257273.0
2008-07-02,4.52,4.52,4.42,4.51,1366146.0
2008-07-01,4.47,4.52,4.42,4.52,287093.0
2008-06-30,4.74,4.78,4.48,4.48,423780.0
2008-06-27,4.91,4.95,4.88,4.82,781672.0
2008-06-26,4.77,4.92,4.77,4.9,3311092.0
2008-06-25,4.62,4.67,4.61,4.64,132049.0
2008-06-24,4.55,4.59,4.55,4.59,219356.0
2008-06-23,4.5,4.53,4.47,4.52,445175.0
2008-06-20,4.61,4.69,4.61,4.58,2062585.0
2008-06-19,4.76,4.8,4.69,4.68,2023926.0
2008-06-18,4.8,4.82,4.67,4.72,742133.0
2008-06-17,4.64,4.71,4.59,4.7,313808.0
2008-06-16,4.69,4.8,4.68,4.73,916199.0
2008-06-13,4.48,4.51,4.43,4.5,79255.0
2008-06-12,4.6,4.6,4.44,4.48,1267026.0
2008-06-11,4.31,4.5,4.31,4.46,818450.0
2008-06-10,4.22,4.25,4.17,4.19,417964.0
2008-06-09,4.41,4.41,4.29,4.28,3878650.0
2008-06-06,4.17,4.36,4.15,4.35,1459269.0
2008-06-05,4.0,4.11,4.0,4.09,481889.0
2008-06-04,3.98,4.01,3.95,3.97,189361.0
2008-06-03,4.12,4.14,4.08,4.08,441168.0
2008-06-02,4.06,4.19,4.02,4.19,650644.0
2008-05-30,3.93,3.99,3.93,3.99,239082.0
2008-05-29,3.98,4.02,3.94,3.94,286705.0
2008-05-28,4.0,4.0,3.92,3.95,254659.0
2008-05-27,3.95,4.05,3.95,4.0,160869.0
2008-05-23,4.0,4.0,3.91,3.93,410195.0
2008-05-22,4.14,4.17,4.05,4.03,322638.0
2008-05-21,4.14,4.19,4.1,4.12,281939.0
2008-05-20,4.14,4.27,4.14,4.22,5777312.0
2008-05-19,4.18,4.18,4.0,4.16,379322.0
2008-05-16,4.08,4.14,4.08,4.13,3488686.0
2008-05-15,4.02,4.08,4.0,4.09,228239.0
2008-05-14,4.22,4.22,4.11,4.14,367670.0
2008-05-13,4.24,4.26,4.2,4.26,204069.0
2008-05-12,4.28,4.28,4.21,4.25,830066.0
2008-05-09,4.38,4.58,4.22,4.24,5069514.0
2008-05-08,4.28,4.37,4.28,4.39,427324.0
2008-05-07,4.34,4.34,4.25,4.27,91900.0
2008-05-06,4.25,4.36,4.24,4.36,55736.0
2008-05-02,4.18,4.2,4.18,4.24,28952.0
2008-05-01,4.26,4.28,4.15,4.18,66333.0
2008-04-30,4.3,4.3,4.23,4.24,451829.0
2008-04-29,4.44,4.48,4.32,4.34,441859.0
2008-04-28,4.35,4.4,4.33,4.34,343702.0
2008-04-25,4.34,4.37,4.2,4.4,474436.0
2008-04-24,4.38,4.38,4.31,4.34,341265.0
2008-04-23,4.54,4.56,4.44,4.48,253132.0
2008-04-22,4.5,4.56,4.48,4.56,716851.0
2008-04-21,4.62,4.64,4.47,4.5,493130.0
2008-04-18,4.93,4.93,4.74,4.78,394807.0
2008-04-17,5.02,5.06,4.97,4.96,786780.0
2008-04-16,4.89,4.89,4.82,4.82,405978.0
2008-04-15,4.86,4.94,4.86,4.9,66257.0
2008-04-14,4.8,4.89,4.78,4.85,134426.0
2008-04-11,4.95,5.01,4.84,4.87,237920.0
2008-04-10,5.03,5.12,4.99,4.97,290006.0
2008-04-09,5.01,5.14,4.84,4.84,373186.0
2008-04-08,5.08,5.08,4.93,4.94,125515.0
2008-04-07,5.2,5.24,5.08,5.11,353130.0
2008-04-04,5.0,5.02,5.0,5.08,782753.0
2008-04-03,5.09,5.12,5.0,5.02,254907.0
2008-04-02,4.86,5.04,4.84,4.91,448730.0
2008-04-01,4.94,4.94,4.8,4.94,311637.0
2008-03-31,5.3,5.32,4.98,5.02,478403.0
2008-03-28,5.39,5.39,5.25,5.23,380028.0
2008-03-27,5.59,5.67,5.44,5.46,127712.0
2008-03-26,5.71,5.84,5.55,5.58,236362.0
2008-03-25,5.52,5.87,5.52,5.68,1005126.0
2008-03-20,5.75,5.76,5.32,5.48,410967.0
2008-03-19,6.17,6.26,5.78,5.74,697449.0
2008-03-18,6.02,6.21,6.0,6.14,223449.0
2008-03-17,6.5,6.54,6.14,6.15,322702.0
2008-03-14,6.64,6.68,6.28,6.34,402166.0
2008-03-13,6.8,6.99,6.75,6.84,1091563.0
2008-03-12,6.47,7.0,6.42,6.95,346551.0
2008-03-11,6.18,6.8,6.18,6.7,632584.0
2008-03-10,6.06,6.16,5.74,6.12,2119766.0
2008-03-07,5.9,6.0,5.86,6.0,228596.0
2008-03-06,6.09,6.15,5.98,5.99,320140.0
2008-03-05,5.84,6.0,5.8,6.06,608482.0
2008-03-04,5.85,6.03,5.8,5.9,614734.0
2008-03-03,6.03,6.12,5.96,6.03,910256.0
2008-02-29,6.23,6.28,5.92,5.92,1115266.0
2008-02-28,6.64,6.7,6.43,6.44,1298418.0
2008-02-27,6.26,6.6,5.75,6.6,1954656.0
2008-02-26,6.41,6.5,6.17,6.48,2101579.0
2008-02-25,5.8,6.41,5.8,6.18,390589.0
2008-02-22,5.62,5.66,5.52,5.57,603895.0
2008-02-21,5.56,5.59,5.5,5.56,244659.0
2008-02-20,5.6,5.64,5.48,5.5,308419.0
2008-02-19,5.59,5.73,5.59,5.67,189928.0
2008-02-18,6.0,6.0,5.6,5.6,168747.0
2008-02-15,5.64,5.69,5.52,5.52,589354.0
2008-02-14,5.56,5.61,5.5,5.6,363597.0
2008-02-13,5.46,5.46,5.3,5.38,599977.0
2008-02-12,5.83,5.83,5.61,5.61,430799.0
2008-02-11,6.44,6.75,5.88,6.03,605048.0
2008-02-08,5.98,6.41,5.98,6.38,616504.0
2008-02-07,5.8,5.85,5.74,5.85,901724.0
2008-02-06,5.51,5.82,5.51,5.82,818217.0
2008-02-05,5.38,5.5,5.37,5.51,617607.0
2008-02-04,5.29,5.29,5.24,5.27,185566.0
2008-02-01,5.16,5.16,5.16,5.23,27249.0
2008-01-31,5.14,5.14,5.01,5.03,22423.0
2008-01-30,5.14,5.18,5.1,5.1,146942.0
2008-01-29,5.36,5.46,5.32,5.32,248216.0
2008-01-28,4.97,5.26,4.97,5.24,570939.0
2008-01-25,5.0,5.1,5.0,5.14,229342.0
2008-01-24,5.1,5.1,5.03,5.01,156433.0
2008-01-23,5.23,5.23,5.1,5.09,194699.0
2008-01-22,5.18,5.36,5.05,5.26,212435.0
2008-01-21,5.3,5.35,5.3,5.31,278441.0
2008-01-18,5.18,5.18,5.1,5.11,203184.0
2008-01-17,5.16,5.27,5.14,5.27,444792.0
2008-01-16,5.13,5.14,4.97,4.97,526738.0
2008-01-15,5.0,5.18,4.98,5.16,876618.0
2008-01-14,4.99,5.2,4.99,5.18,197519.0
2008-01-11,4.9,4.98,4.87,4.9,423494.0
2008-01-10,4.9,4.9,4.84,4.91,414458.0
2008-01-09,5.01,5.01,4.96,4.98,111912.0
2008-01-08,4.94,5.07,4.92,5.07,463161.0
2008-01-07,5.13,5.14,4.96,4.98,216473.0
2008-01-04,5.22,5.22,5.04,5.09,297623.0
2008-01-03,5.17,5.2,5.1,5.16,140319.0
2008-01-02,4.98,5.03,4.92,5.07,54471.0
2007-12-31,4.84,4.88,4.8,4.82,95715.0
2007-12-28,5.04,5.04,4.98,5.02,195602.0
2007-12-27,5.18,5.18,5.06,5.08,276542.0
2007-12-24,5.19,5.19,5.19,5.16,29986.0
2007-12-21,5.24,5.24,5.16,5.19,17896.0
2007-12-20,5.38,5.38,5.29,5.27,23074.0
2007-12-19,5.3,5.33,5.28,5.33,64729.0
2007-12-18,5.32,5.32,5.27,5.27,58605.0
2007-12-17,5.42,5.52,5.42,5.41,244727.0
2007-12-14,5.29,5.33,5.17,5.21,481312.0
2007-12-13,5.15,5.24,5.1,5.12,112619.0
2007-12-12,4.98,5.06,4.97,5.12,75145.0
2007-12-11,5.14,5.14,5.0,5.04,47961.0
2007-12-10,5.12,5.19,5.12,5.15,212439.0
2007-12-07,4.94,4.97,4.9,5.04,52350.0
2007-12-06,4.8,4.92,4.8,4.87,169856.0
2007-12-05,4.87,4.91,4.84,4.82,106522.0
2007-12-04,4.83,4.9,4.83,4.9,12789.0
2007-12-03,4.88,4.88,4.77,4.78,188416.0
2007-11-30,4.81,4.81,4.78,4.78,266027.0
2007-11-29,4.88,4.91,4.87,4.87,91708.0
2007-11-28,4.64,4.68,4.6,4.81,299117.0
2007-11-27,4.59,4.61,4.57,4.6,6507.0
2007-11-26,4.69,4.74,4.65,4.66,80740.0
2007-11-23,4.57,4.58,4.54,4.56,114234.0
2007-11-22,4.55,4.55,4.5,4.54,576874.0
2007-11-21,4.36,4.39,4.36,4.52,112284.0
2007-11-20,4.22,4.23,4.18,4.31,45218.0
2007-11-19,4.26,4.33,4.24,4.33,230300.0
2007-11-15,4.24,4.29,4.23,4.29,98532.0
2007-11-14,4.2,4.23,4.14,4.22,57338.0
2007-11-13,4.29,4.29,4.29,4.23,14902.0
2007-11-12,4.22,4.3,4.21,4.31,49286.0
2007-11-09,4.27,4.27,4.22,4.17,41502.0
2007-11-08,4.41,4.46,4.41,4.4,249051.0
2007-11-07,4.56,4.57,4.55,3.95,36954.0
2007-11-06,4.44,4.49,4.44,4.49,60048.0
2007-11-05,4.36,4.4,4.34,4.41,135789.0
2007-11-02,4.38,4.41,4.38,4.41,118480.0
2007-11-01,4.6,4.64,4.6,4.52,384466.0
2007-10-31,4.52,4.56,4.52,4.56,58016.0
2007-10-30,4.6,4.6,4.56,4.57,84051.0
2007-10-29,4.56,4.63,4.56,4.65,172432.0
2007-10-26,4.55,4.55,4.52,4.52,109671.0
2007-10-25,4.46,4.5,4.46,4.55,137838.0
2007-10-24,4.7,4.7,4.65,4.57,21531.0
2007-10-23,4.92,4.95,4.86,4.82,84519.0
2007-10-22,4.76,4.77,4.72,4.74,106875.0
2007-10-19,4.65,4.74,4.65,4.76,148825.0
2007-10-18,4.64,4.64,4.63,4.65,51358.0
2007-10-17,4.68,4.68,4.62,4.67,74010.0
2007-10-16,5.4,5.4,4.42,4.59,624705.0
2007-10-15,4.77,4.85,4.77,4.8,83416.0
2007-10-12,4.98,4.98,4.79,4.82,33157.0
2007-10-11,4.82,4.88,4.81,4.85,102895.0
2007-10-10,4.79,4.84,4.76,4.76,240653.0
2007-10-09,4.7,4.89,4.7,4.86,228829.0
2007-10-08,4.96,4.96,4.82,4.81,201751.0
2007-10-05,5.19,5.19,5.03,5.08,51548.0
2007-10-04,5.26,5.3,5.22,5.18,70820.0
2007-10-03,5.06,5.15,5.02,5.15,194225.0
2007-10-02,5.33,5.34,5.27,5.24,93294.0
2007-10-01,5.3,5.37,5.3,5.36,739609.0
2007-09-28,5.24,5.33,5.2,5.26,179690.0
2007-09-27,5.06,5.29,5.06,5.26,264415.0
2007-09-26,5.05,5.05,5.01,5.06,113444.0
2007-09-25,4.92,5.0,4.89,5.02,162432.0
2007-09-24,4.95,5.04,4.95,4.97,224656.0
2007-09-21,4.81,4.84,4.8,4.79,137690.0
2007-09-20,4.76,4.84,4.75,4.82,146446.0
2007-09-19,4.88,4.88,4.75,4.71,226093.0
2007-09-18,5.04,5.04,4.87,4.9,433708.0
2007-09-17,4.89,4.9,4.81,4.86,208469.0
2007-09-14,4.7,4.73,4.7,4.72,53541.0
2007-09-13,4.86,4.87,4.72,4.72,81682.0
2007-09-12,5.02,5.1,5.02,5.02,126591.0
2007-09-11,4.88,4.88,4.82,4.84,115087.0
2007-09-10,4.87,4.9,4.82,4.85,245834.0
2007-09-07,4.6,4.61,4.6,4.6,13274.0
2007-09-06,4.62,4.65,4.59,4.65,59754.0
2007-09-05,4.7,4.76,4.7,4.7,406726.0
2007-09-04,4.51,4.54,4.46,4.53,102271.0
2007-09-03,4.35,4.36,4.35,4.35,49104.0
2007-08-31,4.42,4.53,4.42,4.38,91205.0
2007-08-30,4.31,4.39,4.31,4.39,108709.0
2007-08-29,4.14,4.18,4.14,4.17,34163.0
2007-08-28,4.22,4.22,4.12,4.11,333683.0
2007-08-24,4.14,4.14,4.1,4.13,189988.0
2007-08-23,4.15,4.17,4.1,4.1,74541.0
2007-08-22,3.93,3.98,3.93,3.35,37562.0
2007-08-21,3.92,3.92,3.91,3.92,27420.0
2007-08-17,3.84,3.84,3.83,2.8,380759.0
2007-08-16,3.89,3.89,3.84,3.87,59686.0
2007-08-15,3.98,4.0,3.96,3.96,269984.0
2007-08-14,3.91,3.91,3.91,3.44,18190.0
2007-08-13,3.82,3.88,3.82,3.81,196449.0
2007-08-10,2.85,2.85,2.85,3.88,8077.0
2007-08-08,3.77,3.85,3.77,3.84,98491.0
2007-08-07,3.86,3.86,3.8,3.82,106791.0
2007-08-06,3.7,3.78,3.7,3.77,29963.0
2007-08-03,3.7,3.74,3.7,3.74,48065.0
2007-08-02,3.7,3.72,3.69,3.73,66308.0
2007-07-31,3.65,3.65,3.62,3.64,196433.0
2007-07-30,3.7,3.73,3.7,3.67,55943.0
2007-07-27,3.7,3.75,3.7,3.3,101450.0
2007-07-26,3.7,3.76,3.7,3.34,118669.0
2007-07-25,3.68,3.68,3.67,2.85,33066.0
2007-07-24,3.6,3.7,3.6,3.65,98473.0
2007-07-23,3.58,3.58,3.57,3.56,7091.0
2007-07-20,3.68,3.68,3.56,2.8,15770.0
2007-07-19,3.6,3.63,3.6,3.24,37985.0
2007-07-18,3.47,3.47,3.47,3.24,49087.0
2007-07-17,3.52,3.52,3.52,3.53,23336.0
2007-07-16,3.51,3.53,3.51,3.48,13565.0
2007-07-13,3.56,3.56,3.56,3.57,11230.0
2007-07-12,3.56,3.56,3.48,3.24,10776.0
2007-07-11,3.54,3.54,3.54,3.53,17523.0
2007-07-10,3.46,3.48,3.45,3.48,62646.0
2007-07-09,3.47,3.5,3.47,3.46,123537.0
2007-07-06,3.48,3.48,3.46,3.46,29763.0
2007-07-05,3.42,3.48,3.42,3.46,8284.0
2007-07-04,3.36,3.36,3.36,3.34,50441.0
2007-07-03,3.36,3.36,3.36,3.34,21600.0
2007-07-02,3.42,3.42,3.41,3.38,34615.0
2007-06-29,3.66,3.7,3.6,3.25,52395.0
2007-06-28,3.56,3.56,3.56,3.58,4804.0
2007-06-27,3.58,3.63,3.58,3.6,55070.0
2007-06-25,3.48,3.48,3.43,3.48,45353.0
2007-06-22,3.51,3.51,3.5,3.48,18939.0
2007-06-21,3.6,3.6,3.55,3.59,112804.0
2007-06-20,3.42,3.55,3.42,3.55,27151.0
2007-06-19,3.48,3.48,3.44,3.49,31081.0
2007-06-18,3.52,3.54,3.52,3.25,223458.0
2007-06-15,3.5,3.56,3.5,3.56,247067.0
2007-06-14,3.45,3.56,3.45,3.58,161647.0
2007-06-13,3.35,3.35,3.28,3.33,88187.0
2007-06-12,3.28,3.29,3.26,3.35,113825.0
2007-06-11,3.15,3.22,3.15,3.27,34322.0
2007-06-08,3.07,3.08,3.07,3.1,167699.0
2007-06-07,3.0,3.09,3.0,3.09,18373.0
2007-06-06,3.12,3.12,3.06,3.05,6900.0
2007-06-05,3.08,3.1,3.08,3.13,31940.0
2007-06-04,3.07,3.07,3.07,3.09,61700.0
2007-06-01,3.04,3.04,3.04,3.11,16588.0
2007-05-31,3.0,3.05,3.0,3.04,60053.0
2007-05-30,2.87,2.87,2.87,2.93,8396.0
2007-05-29,2.93,2.93,2.92,2.89,43341.0
2007-05-25,2.9,2.9,2.9,2.91,12626.0
2007-05-23,2.79,2.8,2.79,2.79,102480.0
2007-05-22,2.76,2.76,2.76,2.78,21566.0
2007-05-21,2.8,2.8,2.78,2.78,21327.0
2007-05-18,2.87,2.87,2.87,2.85,10076.0
2007-05-17,2.93,2.93,2.9,2.88,62175.0
2007-05-15,2.88,2.89,2.88,2.86,30795.0
2007-05-14,2.9,2.93,2.9,2.92,55543.0
2007-05-09,2.84,2.84,2.82,2.84,107275.0
2007-05-08,2.83,2.86,2.83,2.83,79560.0
2007-05-03,2.88,2.92,2.88,2.92,23500.0
2007-05-02,2.94,2.94,2.88,2.89,35176.0
2007-04-30,2.96,2.96,2.96,2.97,23525.0
2007-04-27,3.04,3.05,3.02,3.0,158398.0
2007-04-26,3.06,3.12,3.06,3.04,29928.0
2007-04-24,2.89,2.9,2.89,2.91,46978.0
2007-04-23,3.0,3.0,2.97,2.96,33634.0
2007-04-20,2.98,2.98,2.98,2.97,24673.0
2007-04-19,2.92,2.96,2.92,2.96,11425.0
2007-04-17,2.9,2.9,2.9,2.86,26095.0
2007-04-16,2.91,2.91,2.84,2.85,24350.0
2007-04-13,2.78,2.84,2.78,2.86,46165.0
2007-04-11,2.76,2.78,2.76,2.77,19438.0
2007-04-10,2.72,2.73,2.72,2.75,48787.0
2007-04-04,2.57,2.6,2.57,2.6,25681.0
2007-04-03,2.6,2.6,2.57,2.56,27342.0
2007-04-02,2.56,2.56,2.56,2.52,5107.0
2007-03-30,2.91,2.91,2.66,2.64,20306.0
2007-03-29,2.77,2.77,2.77,2.75,17216.0
2007-03-28,2.75,2.75,2.74,2.73,14163.0
2007-03-27,2.76,2.76,2.76,2.76,6692.0
2007-03-26,2.82,2.82,2.76,2.77,26006.0
2007-03-23,2.86,2.86,2.81,2.8,23442.0
2007-03-20,2.75,2.76,2.75,2.78,39251.0
2007-03-19,2.73,2.73,2.73,2.74,9328.0
2007-03-14,2.81,2.81,2.78,2.75,31018.0
2007-03-13,2.84,2.84,2.84,2.8,58900.0
2007-03-08,2.89,2.89,2.87,2.87,53600.0
2007-03-07,2.85,2.85,2.85,2.86,30000.0
2007-03-06,2.9,2.9,2.88,2.87,38184.0
2007-03-05,2.8,2.84,2.8,2.84,38028.0
2007-03-02,2.84,2.87,2.84,2.86,10500.0
2007-03-01,2.87,2.87,2.87,2.84,76500.0
2007-02-28,2.9,2.92,2.88,2.89,122901.0
2007-02-27,2.97,3.0,2.88,3.06,41307.0
2007-02-26,3.04,3.05,3.02,3.04,118715.0
2007-02-23,2.99,3.0,2.99,3.01,175160.0
2007-02-22,2.97,3.03,2.97,2.98,152045.0
2007-02-21,2.88,2.88,2.88,2.92,2064.0
2007-02-19,2.9,2.9,2.9,2.9,44290.0
2007-02-16,2.81,2.82,2.81,2.82,12900.0
2007-02-15,2.83,2.84,2.83,2.8,9926.0
2007-02-14,2.85,2.85,2.83,2.82,7085.0
2007-02-13,2.83,2.84,2.8,2.83,38083.0
2007-02-12,2.87,2.87,2.84,2.81,32985.0
2007-02-08,2.85,2.85,2.76,3.22,16000.0
2007-02-06,2.84,2.84,2.84,2.84,74132.0
2007-02-01,2.9,2.9,2.9,2.88,1460.0
2007-01-31,2.86,2.87,2.86,2.9,10023.0
2007-01-30,2.84,2.84,2.84,2.83,3100.0
2007-01-29,2.88,2.88,2.81,2.83,14935.0
2007-01-26,2.93,2.93,2.85,2.87,24650.0
2007-01-25,3.0,3.0,3.0,3.2,734.0
2007-01-24,2.96,2.96,2.92,3.21,33150.0
2007-01-22,2.93,2.93,2.84,2.87,16601.0
2007-01-19,2.88,2.88,2.88,2.91,100000.0
2007-01-18,3.02,3.02,2.98,2.96,7546.0
2007-01-17,2.92,2.92,2.92,2.93,6690.0
2007-01-16,2.99,2.99,2.99,2.96,1400.0
2007-01-15,3.08,3.09,3.08,3.02,12529.0
2007-01-11,2.85,2.89,2.85,2.86,35814.0
2007-01-10,2.82,2.82,2.82,2.78,8384.0
2007-01-09,3.0,3.0,2.89,2.84,13628.0
2007-01-08,2.86,2.88,2.86,2.86,85718.0
2007-01-02,3.09,3.09,3.09,3.05,3581.0
2006-12-28,3.14,3.15,3.14,3.14,19614.0
2006-12-20,3.05,3.05,3.05,3.02,13500.0
2006-12-18,3.07,3.07,3.07,2.98,1000.0
2006-12-15,3.03,3.03,3.03,3.02,1000.0
2006-12-13,2.98,2.98,2.97,2.97,4050.0
2006-12-12,3.03,3.03,3.0,3.04,20260.0
2006-12-08,2.99,2.99,2.99,3.04,15900.0
2006-12-07,3.04,3.04,3.04,3.04,7857.0
2006-12-06,3.16,3.16,3.16,3.1,4594.0
2006-12-05,3.22,3.22,3.22,3.18,7000.0
2006-12-04,3.14,3.14,3.14,3.16,15149.0
2006-12-01,3.17,3.2,3.17,3.2,11305.0
2006-11-28,3.18,3.18,3.17,3.1,6678.0
2006-11-24,3.13,3.17,3.13,3.18,9099.0
2006-11-22,3.09,3.09,3.09,3.08,30000.0
2006-11-20,3.12,3.16,3.06,3.1,54956.0
2006-11-17,3.02,3.06,3.02,3.02,31293.0
2006-11-16,3.1,3.1,3.1,3.1,40000.0
2006-11-14,3.06,3.06,3.06,3.06,2434.0
2006-11-13,3.14,3.15,3.14,3.1,21752.0
2006-11-10,3.1,3.13,3.1,3.08,7399.0
2006-11-09,3.29,3.29,3.18,3.2,15700.0
2006-11-07,3.22,3.22,3.19,3.18,19831.0
2006-11-06,3.2,3.23,3.2,3.2,29352.0
2006-11-02,3.14,3.24,3.14,3.19,3070.0
2006-10-31,3.14,3.14,3.14,3.12,5142.0
2006-10-30,3.3,3.3,3.27,3.2,29424.0
2006-10-27,3.32,3.41,3.32,3.41,16359.0
2006-10-26,3.27,3.3,3.27,3.27,22915.0
2006-10-25,3.38,3.44,3.38,3.4,52031.0
2006-10-24,3.31,3.34,3.3,3.3,34718.0
2006-10-23,3.24,3.24,3.24,3.25,8992.0
2006-10-18,3.35,3.35,3.29,3.3,119997.0
2006-10-17,3.47,3.52,3.45,3.51,17361.0
2006-10-16,3.39,3.39,3.39,3.37,57601.0
2006-10-12,3.5,3.5,3.32,3.35,143455.0
2006-10-11,3.36,3.46,3.36,3.42,50344.0
2006-10-10,3.3,3.44,3.23,3.24,136879.0
2006-10-06,3.02,3.08,2.98,3.02,85882.0
2006-10-05,3.0,3.0,3.0,3.02,64000.0
2006-10-04,2.84,2.84,2.84,2.83,68709.0
2006-10-02,2.91,2.91,2.91,2.89,22622.0
2006-09-29,2.89,2.9,2.89,2.85,114154.0
2006-09-28,2.75,2.78,2.75,2.78,48744.0
2006-09-27,2.73,2.73,2.73,2.7,31400.0
